{"frames": {

"block1_0000":
{
	"frame": {"x":455,"y":330,"w":164,"h":79},
	"rotated": false,
	"trimmed": false,
	"spriteSourceSize": {"x":0,"y":0,"w":164,"h":79},
	"sourceSize": {"w":164,"h":79}
},
"block2_0000":
{
	"frame": {"x":446,"y":472,"w":171,"h":75},
	"rotated": false,
	"trimmed": false,
	"spriteSourceSize": {"x":0,"y":0,"w":171,"h":75},
	"sourceSize": {"w":171,"h":75}
},
"block3_0000":
{
	"frame": {"x":621,"y":315,"w":164,"h":121},
	"rotated": false,
	"trimmed": false,
	"spriteSourceSize": {"x":0,"y":0,"w":164,"h":121},
	"sourceSize": {"w":164,"h":121}
},
"block4_0000":
{
	"frame": {"x":786,"y":315,"w":180,"h":106},
	"rotated": false,
	"trimmed": false,
	"spriteSourceSize": {"x":0,"y":0,"w":180,"h":106},
	"sourceSize": {"w":180,"h":106}
},
"block5_0000":
{
	"frame": {"x":134,"y":360,"w":170,"h":106},
	"rotated": false,
	"trimmed": false,
	"spriteSourceSize": {"x":0,"y":0,"w":170,"h":106},
	"sourceSize": {"w":170,"h":106}
},
"btn_pause_0000":
{
	"frame": {"x":872,"y":422,"w":87,"h":86},
	"rotated": false,
	"trimmed": false,
	"spriteSourceSize": {"x":0,"y":0,"w":87,"h":86},
	"sourceSize": {"w":87,"h":86}
},
"btn_reload_0000":
{
	"frame": {"x":833,"y":1,"w":170,"h":168},
	"rotated": false,
	"trimmed": false,
	"spriteSourceSize": {"x":0,"y":0,"w":170,"h":168},
	"sourceSize": {"w":170,"h":168}
},
"canvas_0000":
{
	"frame": {"x":1,"y":155,"w":257,"h":161},
	"rotated": false,
	"trimmed": false,
	"spriteSourceSize": {"x":0,"y":0,"w":257,"h":161},
	"sourceSize": {"w":257,"h":161}
},
"crosshair1_0000":
{
	"frame": {"x":224,"y":317,"w":28,"h":28},
	"rotated": false,
	"trimmed": false,
	"spriteSourceSize": {"x":0,"y":0,"w":28,"h":28},
	"sourceSize": {"w":28,"h":28}
},
"crosshair2_0000":
{
	"frame": {"x":167,"y":507,"w":67,"h":67},
	"rotated": false,
	"trimmed": false,
	"spriteSourceSize": {"x":0,"y":0,"w":67,"h":67},
	"sourceSize": {"w":67,"h":67}
},
"crosshair3_0000":
{
	"frame": {"x":314,"y":507,"w":67,"h":66},
	"rotated": false,
	"trimmed": false,
	"spriteSourceSize": {"x":0,"y":0,"w":67,"h":66},
	"sourceSize": {"w":67,"h":66}
},
"crosshair4_0000":
{
	"frame": {"x":506,"y":548,"w":61,"h":61},
	"rotated": false,
	"trimmed": false,
	"spriteSourceSize": {"x":0,"y":0,"w":61,"h":61},
	"sourceSize": {"w":61,"h":61}
},
"effect_kick_0000":
{
	"frame": {"x":750,"y":437,"w":26,"h":26},
	"rotated": false,
	"trimmed": true,
	"spriteSourceSize": {"x":24,"y":23,"w":66,"h":66},
	"sourceSize": {"w":66,"h":66}
},
"effect_kick_0001":
{
	"frame": {"x":750,"y":437,"w":26,"h":26},
	"rotated": false,
	"trimmed": true,
	"spriteSourceSize": {"x":24,"y":23,"w":66,"h":66},
	"sourceSize": {"w":66,"h":66}
},
"effect_kick_0002":
{
	"frame": {"x":790,"y":587,"w":38,"h":38},
	"rotated": false,
	"trimmed": true,
	"spriteSourceSize": {"x":14,"y":14,"w":66,"h":66},
	"sourceSize": {"w":66,"h":66}
},
"effect_kick_0003":
{
	"frame": {"x":960,"y":486,"w":62,"h":62},
	"rotated": false,
	"trimmed": true,
	"spriteSourceSize": {"x":0,"y":0,"w":66,"h":66},
	"sourceSize": {"w":66,"h":66}
},
"effect_kick_0004":
{
	"frame": {"x":960,"y":486,"w":62,"h":62},
	"rotated": false,
	"trimmed": true,
	"spriteSourceSize": {"x":0,"y":0,"w":66,"h":66},
	"sourceSize": {"w":66,"h":66}
},
"effect_kick_0005":
{
	"frame": {"x":382,"y":507,"w":61,"h":63},
	"rotated": false,
	"trimmed": true,
	"spriteSourceSize": {"x":1,"y":1,"w":66,"h":66},
	"sourceSize": {"w":66,"h":66}
},
"effect_kick_0006":
{
	"frame": {"x":568,"y":565,"w":55,"h":60},
	"rotated": false,
	"trimmed": true,
	"spriteSourceSize": {"x":11,"y":6,"w":66,"h":66},
	"sourceSize": {"w":66,"h":66}
},
"effect_kick_0007":
{
	"frame": {"x":182,"y":317,"w":41,"h":40},
	"rotated": false,
	"trimmed": true,
	"spriteSourceSize": {"x":16,"y":16,"w":66,"h":66},
	"sourceSize": {"w":66,"h":66}
},
"flash_0000":
{
	"frame": {"x":1,"y":507,"w":84,"h":84},
	"rotated": false,
	"trimmed": true,
	"spriteSourceSize": {"x":29,"y":30,"w":132,"h":139},
	"sourceSize": {"w":132,"h":139}
},
"flash_0001":
{
	"frame": {"x":86,"y":507,"w":80,"h":82},
	"rotated": false,
	"trimmed": true,
	"spriteSourceSize": {"x":30,"y":31,"w":132,"h":139},
	"sourceSize": {"w":132,"h":139}
},
"flash_0002":
{
	"frame": {"x":86,"y":507,"w":80,"h":82},
	"rotated": false,
	"trimmed": true,
	"spriteSourceSize": {"x":30,"y":31,"w":132,"h":139},
	"sourceSize": {"w":132,"h":139}
},
"flash_0003":
{
	"frame": {"x":1,"y":317,"w":132,"h":139},
	"rotated": false,
	"trimmed": false,
	"spriteSourceSize": {"x":0,"y":0,"w":132,"h":139},
	"sourceSize": {"w":132,"h":139}
},
"flash_0004":
{
	"frame": {"x":444,"y":548,"w":61,"h":62},
	"rotated": false,
	"trimmed": true,
	"spriteSourceSize": {"x":39,"y":40,"w":132,"h":139},
	"sourceSize": {"w":132,"h":139}
},
"flash_0005":
{
	"frame": {"x":444,"y":548,"w":61,"h":62},
	"rotated": false,
	"trimmed": true,
	"spriteSourceSize": {"x":39,"y":40,"w":132,"h":139},
	"sourceSize": {"w":132,"h":139}
},
"flash_0006":
{
	"frame": {"x":947,"y":549,"w":65,"h":56},
	"rotated": false,
	"trimmed": true,
	"spriteSourceSize": {"x":37,"y":48,"w":132,"h":139},
	"sourceSize": {"w":132,"h":139}
},
"flash_0007":
{
	"frame": {"x":947,"y":549,"w":65,"h":56},
	"rotated": false,
	"trimmed": true,
	"spriteSourceSize": {"x":37,"y":48,"w":132,"h":139},
	"sourceSize": {"w":132,"h":139}
},
"flash_big_0000":
{
	"frame": {"x":259,"y":155,"w":195,"h":204},
	"rotated": false,
	"trimmed": false,
	"spriteSourceSize": {"x":0,"y":0,"w":195,"h":204},
	"sourceSize": {"w":195,"h":204}
},
"flash_big_0001":
{
	"frame": {"x":455,"y":164,"w":165,"h":165},
	"rotated": false,
	"trimmed": true,
	"spriteSourceSize": {"x":1,"y":4,"w":195,"h":204},
	"sourceSize": {"w":195,"h":204}
},
"flash_big_0002":
{
	"frame": {"x":455,"y":164,"w":165,"h":165},
	"rotated": false,
	"trimmed": true,
	"spriteSourceSize": {"x":1,"y":4,"w":195,"h":204},
	"sourceSize": {"w":195,"h":204}
},
"flash_big_0003":
{
	"frame": {"x":621,"y":164,"w":151,"h":144},
	"rotated": false,
	"trimmed": true,
	"spriteSourceSize": {"x":18,"y":18,"w":195,"h":204},
	"sourceSize": {"w":195,"h":204}
},
"flash_big_0004":
{
	"frame": {"x":773,"y":170,"w":144,"h":144},
	"rotated": false,
	"trimmed": true,
	"spriteSourceSize": {"x":22,"y":20,"w":195,"h":204},
	"sourceSize": {"w":195,"h":204}
},
"flash_big_0005":
{
	"frame": {"x":773,"y":170,"w":144,"h":144},
	"rotated": false,
	"trimmed": true,
	"spriteSourceSize": {"x":22,"y":20,"w":195,"h":204},
	"sourceSize": {"w":195,"h":204}
},
"hp_bar1_0000":
{
	"frame": {"x":305,"y":437,"w":444,"h":34},
	"rotated": false,
	"trimmed": false,
	"spriteSourceSize": {"x":0,"y":0,"w":444,"h":34},
	"sourceSize": {"w":444,"h":34}
},
"hp_bar2_0000":
{
	"frame": {"x":1,"y":472,"w":444,"h":34},
	"rotated": false,
	"trimmed": false,
	"spriteSourceSize": {"x":0,"y":0,"w":444,"h":34},
	"sourceSize": {"w":444,"h":34}
},
"icon_frag_0000":
{
	"frame": {"x":618,"y":472,"w":81,"h":92},
	"rotated": false,
	"trimmed": false,
	"spriteSourceSize": {"x":0,"y":0,"w":81,"h":92},
	"sourceSize": {"w":81,"h":92}
},
"mob_bar1_0000":
{
	"frame": {"x":449,"y":410,"w":81,"h":13},
	"rotated": false,
	"trimmed": false,
	"spriteSourceSize": {"x":0,"y":0,"w":81,"h":13},
	"sourceSize": {"w":81,"h":13}
},
"mob_bar2_0000":
{
	"frame": {"x":531,"y":410,"w":81,"h":13},
	"rotated": false,
	"trimmed": false,
	"spriteSourceSize": {"x":0,"y":0,"w":81,"h":13},
	"sourceSize": {"w":81,"h":13}
},
"ricochet_0000":
{
	"frame": {"x":829,"y":587,"w":41,"h":30},
	"rotated": false,
	"trimmed": true,
	"spriteSourceSize": {"x":14,"y":21,"w":82,"h":67},
	"sourceSize": {"w":82,"h":67}
},
"ricochet_0001":
{
	"frame": {"x":134,"y":317,"w":47,"h":35},
	"rotated": false,
	"trimmed": true,
	"spriteSourceSize": {"x":12,"y":18,"w":82,"h":67},
	"sourceSize": {"w":82,"h":67}
},
"ricochet_0002":
{
	"frame": {"x":290,"y":574,"w":58,"h":43},
	"rotated": false,
	"trimmed": true,
	"spriteSourceSize": {"x":8,"y":11,"w":82,"h":67},
	"sourceSize": {"w":82,"h":67}
},
"ricochet_0003":
{
	"frame": {"x":872,"y":509,"w":74,"h":55},
	"rotated": false,
	"trimmed": true,
	"spriteSourceSize": {"x":3,"y":3,"w":82,"h":67},
	"sourceSize": {"w":82,"h":67}
},
"ricochet_0004":
{
	"frame": {"x":235,"y":507,"w":78,"h":57},
	"rotated": false,
	"trimmed": true,
	"spriteSourceSize": {"x":3,"y":1,"w":82,"h":67},
	"sourceSize": {"w":82,"h":67}
},
"ricochet_0005":
{
	"frame": {"x":369,"y":360,"w":79,"h":60},
	"rotated": false,
	"trimmed": true,
	"spriteSourceSize": {"x":3,"y":0,"w":82,"h":67},
	"sourceSize": {"w":82,"h":67}
},
"ricochet_0006":
{
	"frame": {"x":167,"y":575,"w":43,"h":56},
	"rotated": false,
	"trimmed": true,
	"spriteSourceSize": {"x":5,"y":5,"w":82,"h":67},
	"sourceSize": {"w":82,"h":67}
},
"ricochet_0007":
{
	"frame": {"x":382,"y":571,"w":45,"h":58},
	"rotated": false,
	"trimmed": true,
	"spriteSourceSize": {"x":4,"y":5,"w":82,"h":67},
	"sourceSize": {"w":82,"h":67}
},
"ricochet_0008":
{
	"frame": {"x":624,"y":565,"w":51,"h":60},
	"rotated": false,
	"trimmed": true,
	"spriteSourceSize": {"x":1,"y":5,"w":82,"h":67},
	"sourceSize": {"w":82,"h":67}
},
"ricochet_0009":
{
	"frame": {"x":235,"y":565,"w":54,"h":62},
	"rotated": false,
	"trimmed": true,
	"spriteSourceSize": {"x":0,"y":5,"w":82,"h":67},
	"sourceSize": {"w":82,"h":67}
},
"smoke_0000":
{
	"frame": {"x":786,"y":422,"w":85,"h":164},
	"rotated": false,
	"trimmed": false,
	"spriteSourceSize": {"x":0,"y":0,"w":85,"h":164},
	"sourceSize": {"w":85,"h":164}
},
"target_down_0000":
{
	"frame": {"x":700,"y":472,"w":48,"h":151},
	"rotated": false,
	"trimmed": true,
	"spriteSourceSize": {"x":3,"y":6,"w":54,"h":157},
	"sourceSize": {"w":54,"h":157}
},
"target_down_0001":
{
	"frame": {"x":700,"y":472,"w":48,"h":151},
	"rotated": false,
	"trimmed": true,
	"spriteSourceSize": {"x":3,"y":6,"w":54,"h":157},
	"sourceSize": {"w":54,"h":157}
},
"target_down_0002":
{
	"frame": {"x":967,"y":170,"w":54,"h":157},
	"rotated": false,
	"trimmed": false,
	"spriteSourceSize": {"x":0,"y":0,"w":54,"h":157},
	"sourceSize": {"w":54,"h":157}
},
"target_down_0003":
{
	"frame": {"x":967,"y":170,"w":54,"h":157},
	"rotated": false,
	"trimmed": false,
	"spriteSourceSize": {"x":0,"y":0,"w":54,"h":157},
	"sourceSize": {"w":54,"h":157}
},
"target_down_0004":
{
	"frame": {"x":918,"y":170,"w":44,"h":129},
	"rotated": false,
	"trimmed": true,
	"spriteSourceSize": {"x":5,"y":28,"w":54,"h":157},
	"sourceSize": {"w":54,"h":157}
},
"target_down_0005":
{
	"frame": {"x":918,"y":170,"w":44,"h":129},
	"rotated": false,
	"trimmed": true,
	"spriteSourceSize": {"x":5,"y":28,"w":54,"h":157},
	"sourceSize": {"w":54,"h":157}
},
"target_down_0006":
{
	"frame": {"x":872,"y":565,"w":40,"h":67},
	"rotated": false,
	"trimmed": true,
	"spriteSourceSize": {"x":6,"y":90,"w":54,"h":157},
	"sourceSize": {"w":54,"h":157}
},
"target_down_0007":
{
	"frame": {"x":872,"y":565,"w":40,"h":67},
	"rotated": false,
	"trimmed": true,
	"spriteSourceSize": {"x":6,"y":90,"w":54,"h":157},
	"sourceSize": {"w":54,"h":157}
},
"target_down_0008":
{
	"frame": {"x":749,"y":587,"w":40,"h":53},
	"rotated": false,
	"trimmed": true,
	"spriteSourceSize": {"x":6,"y":104,"w":54,"h":157},
	"sourceSize": {"w":54,"h":157}
},
"target_down_0009":
{
	"frame": {"x":749,"y":587,"w":40,"h":53},
	"rotated": false,
	"trimmed": true,
	"spriteSourceSize": {"x":6,"y":104,"w":54,"h":157},
	"sourceSize": {"w":54,"h":157}
},
"target_down_0010":
{
	"frame": {"x":86,"y":590,"w":43,"h":27},
	"rotated": false,
	"trimmed": true,
	"spriteSourceSize": {"x":4,"y":130,"w":54,"h":157},
	"sourceSize": {"w":54,"h":157}
},
"target_down_0011":
{
	"frame": {"x":86,"y":590,"w":43,"h":27},
	"rotated": false,
	"trimmed": true,
	"spriteSourceSize": {"x":4,"y":130,"w":54,"h":157},
	"sourceSize": {"w":54,"h":157}
},
"target_idle_0000":
{
	"frame": {"x":967,"y":328,"w":49,"h":157},
	"rotated": false,
	"trimmed": false,
	"spriteSourceSize": {"x":0,"y":0,"w":49,"h":157},
	"sourceSize": {"w":49,"h":157}
},
"trigger_0000":
{
	"frame": {"x":305,"y":360,"w":63,"h":76},
	"rotated": false,
	"trimmed": false,
	"spriteSourceSize": {"x":0,"y":0,"w":63,"h":76},
	"sourceSize": {"w":63,"h":76}
},
"tutor_mobile_0000":
{
	"frame": {"x":566,"y":1,"w":266,"h":162},
	"rotated": false,
	"trimmed": false,
	"spriteSourceSize": {"x":0,"y":0,"w":266,"h":162},
	"sourceSize": {"w":266,"h":162}
},
"tutor_popup_0000":
{
	"frame": {"x":1,"y":1,"w":564,"h":153},
	"rotated": false,
	"trimmed": false,
	"spriteSourceSize": {"x":0,"y":0,"w":564,"h":153},
	"sourceSize": {"w":564,"h":153}
}},
"meta": {
	"app": "Adobe Animate",
	"version": "16.2.0.24",
	"image": "ss_shooter.png",
	"format": "RGBA8888",
	"size": {"w":1024,"h":1024},
	"scale": "1"
}
}
