[ 
{"domain": "html5.gamemonetize.com"},
{"domain": "gamemonetize.com"},
{"domain": "gamemonetize.co"},
{"domain": "html5.gamemonetize.co"},
{"domain": "y8"},
{"domain": "uncached.gamemonetize.com"},
{"domain": "gamemonetize"},
{"domain": "wp-admin"},
{"domain": "wp-content"},
{"domain": "joomla"},
{"domain": "gameflare.com"},
{"domain": "yogames.cc"},
{"domain": "crazygames.com"},
{"domain": "developer.crazygames.com"},
{"domain": "cdn.gamemonetize.com"},
{"domain": "juegosarea.com"},
{"domain": "joguix.com"},
{"domain": "poki.com"},
{"domain": "furagame.com"},
{"domain": "hitoikigame.com"},
{"domain": "m.clickjogos.com.br"},
{"domain": "clickjogos.com.br"},
{"domain": "clickjogos.com"},
{"domain": "clickjogos"},
{"domain": "spiele-kostenlos-online.de"},
{"domain": "spiele-kostenlos-online"},
{"domain": "id.net"},
{"domain": "w.4j.com"},
{"domain": "kraloyun.com"},
{"domain": "kibagames.com"},
{"domain": "spielaffe.de"},
{"domain": "spielaffe"},
{"domain": "clickjogos.com.br"},
{"domain": "jeux-gratuits.com"},
{"domain": "kiz10.com"},
{"domain": "taptapking.com"},
{"domain": "kiz10girls.com"},
{"domain": "kukogames.com"},
{"domain": "gamefree.games"},
{"domain": "pog.com"},
{"domain": "bygame.ru"},
{"domain": "fgfu.net"},
{"domain": "samugames.com"},
{"domain": "y9freegames.com"},
{"domain": "coolmathgameskids.com"},
{"domain": "tiktak.games"},
{"domain": "gameszap.com"},
{"domain": "friv-games-today.com"},
{"domain": "tiktak.games"},
{"domain": "gameszap.com"},
{"domain": "goodgamearcade.com"},
{"domain": "poki0.com"},
{"domain": "arcaderaven.com"},
{"domain": "bokigame.com"},
{"domain": "play123.in"},
{"domain": "flip123.net"},
{"domain": "jeux123.fr"},
{"domain": "juegos123.net"},
{"domain": "jogos123.net"},
{"domain": "giochi123.net"},
{"domain": "igrice123.rs"},
{"domain": "igre123.net"},
{"domain": "igre123.com"},
{"domain": "spiele123.com"},
{"domain": "zanyland.com"},
{"domain": "ilovearcade.com"},
{"domain": "happykidgames.com"},
{"domain": "juegalo.com.co"},
{"domain": "igri.top"},
{"domain": "play-games.com"},
{"domain": "play-games"},
{"domain": "ajocuri.ro"},
{"domain": "cute-games.com"},
{"domain": "2-player.com"},
{"domain": "zuzu.games"},
{"domain": "gameszap.com"},
{"domain": "friv-games-today.com"},
{"domain": "jocuri-izi.ro"},
{"domain": "giaplay.com"},
{"domain": "plays-game.com"},
{"domain": "janegames.com"},
{"domain": "najox.com"},
{"domain": "najox"},
{"domain": "milagames.com"},
{"domain": "skywardgames.com"},
{"domain": "yo-yoo.co.il"},
{"domain": "golot.co.il"},
{"domain": "boli.co.il"},
{"domain": "goli.co.il"},
{"domain": "gogi.co.il"},
{"domain": "popka.co.il"},
{"domain": "gogi.co.il"},
{"domain": "gamefree.pro"},
{"domain": "mixigaming.net"},
{"domain": "gamepost.com"},
{"domain": "dollmania.com"},
{"domain": "devil-tournaments.com"},
{"domain": "borderpolar.com"},
{"domain": "knnguler.com"},
{"domain": "eelem.xyz"},
{"domain": "crazygamesonline.com"},
{"domain": "giocaregratisonline.com"},
{"domain": "brightestgames.com"},
{"domain": "zippyly.com"},
{"domain": "zippyly"},
{"domain": "goonapk.com"},
{"domain": "kaplanoyun.fun"},
{"domain": "gamesfolie.com"},
{"domain": "zippyly.com"},
{"domain": "pezo.ro"},
{"domain": "giocone.com"},
{"domain": "brightygames.com"},
{"domain": "yuppo.net"},
{"domain": "wondergames.in"},
{"domain": "allgamesforgirl.ru"},
{"domain": "manamonster.com"},
{"domain": "quicksave.su"},
{"domain": "jogos360.com.br"},
{"domain": "juegosarea.com"},
{"domain": "joguix.com"},
{"domain": "magbei.com"},
{"domain": "kfaat.com"},
{"domain": "vkplay.ru"},
{"domain": "dzen.ru"},
{"domain": "rbc.ru"},
{"domain": "gamemonetize.com"},
{"domain": "gamemonetize.co"},
{"domain": "gamemonetize.fun"},
{"domain": "magbei.com"},
{"domain": "zolagames.online"},
{"domain": "y8.com"}
]