{
    "EN": {
        "FONT"              :   "Panton",
        "play"              :   "play",
        "start"             :   "start",
        "fire"              :   "FIRE!",
        "victory"           :   "victory",
        "no_parking"        :   "No More Parking Spaces",
        "no_racing"         :   "No More Racing Paths",
        "no_money"          :   "No Money",
        "free_upgrade"      :   "free upgrade",
        "select_gun"        :   "select gun",
        "unlock_after"      :   "unlock after\ncompleting a compositing",
        "unlocked"          :   "unlocked!",
        "next"              :   "next",
        "select"            :   "select",
        "get"               :   "get",
        "try_again"         :   "try again",
        "revive"            :   "revive?",
        "no_give_up"        :   "don't give up!",
        "try_merge_gun"     :   "try to merge a higher level gun",
        "home"              :   "home",
        "paused"            :   "paused",
        "resume"            :   "resume",
        "reward"            :   "reward",
        "lucky_wheel"       :   "lucky wheel",
        "free_time"         :   "free time",
        "next_free_in"      :   "next free in",
        "earning"           :   "earning",
        "continue"          :   "continue",
        "activate"          :   "activate",
        "boost_message"     :   "drone's drop",
        "better_drop"       :   "better drop 60 sec",
        "guns_4"            :   "4 guns",
        "turbo"             :   "turbo",
        "level_up"          :   "level up!",
        "get_new"           :   "get new",
        "offline_earn"      :   "offline earnings",
        "text_merge"        :   "Merge guns to get\nan even better gun!",
        "text_move_cursor"  :   "Move the crosshairs over a target to fire.",
        "text_good_job"     :   "Good job! Let's eliminate them also!",
        "shop"              :   "shop",
        "lvl"               :   "lvl",
        "day"               :   "day",
        "max"               :   "max",
        "guns_earning"      :   "guns earning",
        "increase_proc"     :   "increase #%",
        "all_guns"          :   "all guns",
        "off_proc"          :   "#% off",
        "guns"              :   "guns",
        "privilege"         :   "privilege",
        "basic"             :   "basic",
        "epic"              :   "epic",
        "buy_new"           :   "buy new",
        "sec"               :   "sec",
        "level"             :   "Level",
        "ready_merge"       :   "Ready to Merge!",
        "unlock_car"        :   "Unlock Gun",
        "coins_x2"          :   "COINS X2",
        "income_x2"         :   "income X2",
        "free"              :   "free",
        "tap_continue"      :   "tap to continue",
        "add_turbo_seconds" :   "add another 150 seconds",
        "combo1"            :   "double kill",
        "combo2"            :   "triple kill",
        "combo3"            :   "multi kill",
        "combo4"            :   "ultra kill",
        "combo5"            :   "rampage",
        "combo6"            :   "monster kill",
        "combo7"            :   "UNSTOPPABLE",
        "combo8"            :   "WICKED SICK",
        "combo9"            :   "GODLIKE",
        "music_on"          :   "music on",
        "music_off"         :   "music off",
        "sound_on"          :   "sound on",
        "sound_off"         :   "sound off",
        "settings"          :   "settings",
        "music_by"          :   "music by",
        "developed_by"      :   "developed by"
    }
}
