{
"skeleton": {
	"hash": "zvNJIzei0vJAxuBtaApVB91cwyA",
	"spine": "3.8.99",
	"x": -34.48,
	"y": -1.11,
	"width": 63.51,
	"height": 78.9,
	"images": "./images/",
	"audio": "D:/work/sniper/Spine_NEW"
},
"bones": [
	{ "name": "root", "scaleX": 0.5, "scaleY": 0.5 },
	{
		"name": "body",
		"parent": "root",
		"length": 47.51,
		"rotation": 88.75,
		"x": 10.91,
		"y": 60.84,
		"color": "6813ffff"
	},
	{
		"name": "arm1_L",
		"parent": "body",
		"length": 20,
		"rotation": -138.54,
		"x": 41.33,
		"y": -11.03,
		"color": "ff0010ff"
	},
	{
		"name": "arm1_R",
		"parent": "body",
		"length": 20.47,
		"rotation": 136.69,
		"x": 41.43,
		"y": 3.65,
		"color": "ffe300ff"
	},
	{
		"name": "arm2_L",
		"parent": "arm1_L",
		"length": 22.64,
		"rotation": -99.44,
		"x": 23.55,
		"y": -0.46,
		"color": "ff001dff"
	},
	{
		"name": "arm2_R",
		"parent": "arm1_R",
		"length": 24.28,
		"rotation": 5.98,
		"x": 21.13,
		"y": 1.12,
		"color": "ffe100ff"
	},
	{
		"name": "arm3_L",
		"parent": "arm2_L",
		"length": 13.47,
		"rotation": 19.68,
		"x": 24.85,
		"y": -2.4,
		"color": "ff0016ff"
	},
	{
		"name": "arm3_R",
		"parent": "arm2_R",
		"length": 14.52,
		"rotation": -9.97,
		"x": 22.84,
		"y": -1.74,
		"color": "ffe500ff"
	},
	{ "name": "foot_L", "parent": "root", "x": 30.33, "y": 5.23, "color": "ff3f00ff" },
	{ "name": "foot_R", "parent": "root", "x": -7.62, "y": 3.22, "color": "ff3f00ff" },
	{
		"name": "gun",
		"parent": "arm3_L",
		"length": 55.21,
		"rotation": -31.09,
		"x": -1,
		"y": -0.39,
		"color": "ff00d9ff"
	},
	{
		"name": "head",
		"parent": "body",
		"length": 48.12,
		"rotation": 0.76,
		"x": 51.48,
		"y": -0.71,
		"color": "2ea5ffff"
	},
	{
		"name": "leg1_L",
		"parent": "body",
		"length": 24.14,
		"rotation": -175.8,
		"x": -6.16,
		"y": -10.62,
		"color": "25ff00ff"
	},
	{
		"name": "leg2_L",
		"parent": "leg1_L",
		"length": 27,
		"rotation": -1.55,
		"x": 23.58,
		"y": 0.03,
		"color": "08ff00ff"
	},
	{
		"name": "leg1_R",
		"parent": "body",
		"length": 25.25,
		"rotation": -176.59,
		"x": -9.65,
		"y": 2.26,
		"color": "ff7000ff"
	},
	{ "name": "leg2_R", "parent": "leg1_R", "length": 27.5, "rotation": -1.18, "x": 25.25, "color": "ff6800ff" },
	{
		"name": "leg3_L",
		"parent": "foot_L",
		"length": 15,
		"rotation": 180,
		"x": -0.98,
		"y": -0.26,
		"transform": "noRotationOrReflection",
		"color": "10ff00ff"
	},
	{
		"name": "leg3_R",
		"parent": "foot_R",
		"length": 15.71,
		"rotation": 180,
		"x": -0.17,
		"y": 0.2,
		"transform": "noRotationOrReflection",
		"color": "ff5b00ff"
	}
],
"slots": [
	{ "name": "leg1_R", "bone": "leg1_R", "attachment": "leg1" },
	{ "name": "leg2_R", "bone": "leg2_R", "attachment": "leg2" },
	{ "name": "leg3_R", "bone": "leg3_R", "attachment": "leg3" },
	{ "name": "arm1_R", "bone": "arm1_R", "attachment": "arm1" },
	{ "name": "body", "bone": "body", "attachment": "body" },
	{ "name": "leg1_L", "bone": "leg1_L", "attachment": "leg1" },
	{ "name": "leg2_L", "bone": "leg2_L", "attachment": "leg2" },
	{ "name": "leg3_L", "bone": "leg3_L", "attachment": "leg3" },
	{ "name": "arm2_R", "bone": "arm2_R", "attachment": "arm2" },
	{ "name": "head", "bone": "head", "attachment": "head" },
	{ "name": "hat", "bone": "head", "attachment": "hat" },
	{ "name": "gun", "bone": "gun", "attachment": "gun" },
	{ "name": "arm1_L", "bone": "arm1_L", "attachment": "arm1" },
	{ "name": "arm2_L", "bone": "arm2_L", "attachment": "arm2" },
	{ "name": "arm3_R", "bone": "arm3_R", "attachment": "arm3" },
	{ "name": "gunanfas", "bone": "gun", "attachment": "gunanfas" },
	{ "name": "arm3_L", "bone": "arm3_L", "attachment": "arm3" }
],
"ik": [
	{
		"name": "foot_L",
		"bones": [ "leg1_L", "leg2_L" ],
		"target": "foot_L"
	},
	{
		"name": "foot_R",
		"order": 1,
		"bones": [ "leg1_R", "leg2_R" ],
		"target": "foot_R"
	}
],
"skins": [
	{
		"name": "default",
		"attachments": {
			"arm1_L": {
				"arm1": { "x": 11.25, "y": -0.5, "rotation": 448.83, "width": 14, "height": 35 }
			},
			"arm1_R": {
				"arm1": { "x": 12.01, "y": 0.31, "scaleX": -1, "rotation": 89.33, "width": 14, "height": 35 }
			},
			"arm2_L": {
				"arm2": { "x": 12.68, "y": 0.3, "rotation": 449.49, "width": 15, "height": 33 }
			},
			"arm2_R": {
				"arm2": { "x": 13.88, "y": -0.04, "rotation": 90, "width": 15, "height": 33 }
			},
			"arm3_L": {
				"arm3": { "x": 3.88, "y": 1.37, "rotation": 90.87, "width": 15, "height": 17 }
			},
			"arm3_R": {
				"arm3": { "x": 6.54, "y": 1.51, "rotation": 89.37, "width": 15, "height": 17 }
			},
			"body": {
				"body": { "x": 20.53, "y": -2.41, "rotation": -88.75, "width": 14, "height": 66 }
			},
			"head": {
				"head": { "x": 17.09, "y": 1.43, "rotation": 275.26, "width": 41, "height": 41 }
			},
			"leg1_L": {
				"leg1": { "x": 8.71, "y": -2.16, "rotation": 95.69, "width": 13, "height": 35 }
			},
			"leg1_R": {
				"leg1": { "x": 8.23, "y": -1.39, "rotation": 447.84, "width": 13, "height": 35 }
			},
			"leg2_L": {
				"leg2": { "x": 13.21, "y": -0.44, "rotation": 79.04, "width": 15, "height": 37 }
			},
			"leg2_R": {
				"leg2": { "x": 13.33, "y": 0.23, "rotation": 82.18, "width": 15, "height": 37 }
			},
			"leg3_L": {
				"leg3": { "x": 3.53, "y": -0.09, "rotation": 179.26, "width": 17, "height": 12 }
			},
			"leg3_R": {
				"leg3": { "x": 3.81, "y": -1.01, "rotation": 179.13, "width": 17, "height": 12 }
			}
		}
	},
	{
		"name": "stickman1",
		"attachments": {
			"gun": {
				"gun": { "name": "gun1", "x": 23.82, "y": 4.76, "rotation": -177.27, "width": 118, "height": 47 }
			},
			"gunanfas": {
				"gunanfas": { "name": "gun1_anfas", "x": 3.2, "y": 0.83, "rotation": -164.45, "width": 27, "height": 58 }
			},
			"hat": {
				"hat": { "name": "empty", "x": 37.23, "y": 0.32, "width": 12, "height": 12 }
			}
		}
	},
	{
		"name": "stickman2",
		"attachments": {
			"gun": {
				"gun": { "name": "gun2", "x": 31.08, "y": 0.07, "rotation": -177.46, "width": 119, "height": 44 }
			},
			"gunanfas": {
				"gunanfas": { "name": "gun2_anfas", "x": 6.37, "y": 0.02, "rotation": -164.49, "width": 20, "height": 60 }
			},
			"hat": {
				"hat": {
					"name": "hat1",
					"x": -3.52,
					"y": 2.53,
					"scaleX": 0.8,
					"scaleY": 0.7,
					"rotation": -90.95,
					"width": 50,
					"height": 46
				}
			}
		}
	},
	{
		"name": "stickman3",
		"attachments": {
			"gun": {
				"gun": { "name": "gun3", "x": 13.28, "y": 6.35, "rotation": 179.7, "width": 93, "height": 53 }
			},
			"gunanfas": {
				"gunanfas": { "name": "gun3_anfas", "x": 1.5, "y": 4.98, "rotation": -164.47, "width": 20, "height": 56 }
			},
			"hat": {
				"hat": { "name": "empty", "x": 35.13, "y": -0.66, "rotation": -93.12, "width": 12, "height": 12 }
			}
		}
	},
	{
		"name": "stickman4",
		"attachments": {
			"gun": {
				"gun": {
					"name": "gun4",
					"x": 43.97,
					"y": -9.44,
					"scaleY": 0.95,
					"rotation": 179.77,
					"width": 162,
					"height": 47
				}
			},
			"gunanfas": {
				"gunanfas": { "name": "gun4_anfas", "x": 1.58, "y": -8.47, "rotation": -164.54, "width": 40, "height": 47 }
			},
			"hat": {
				"hat": { "name": "hat2", "x": 28.94, "y": 6.9, "rotation": -87.94, "width": 53, "height": 29 }
			}
		}
	}
],
"animations": {
	"aiming": {
		"slots": {
			"gun": {
				"attachment": [
					{ "name": null },
					{ "time": 0.3, "name": null },
					{ "time": 0.6333, "name": null },
					{ "time": 0.8, "name": null }
				]
			}
		},
		"bones": {
			"body": {
				"rotate": [
					{ "angle": -3.42, "curve": "stepped" },
					{ "time": 0.3, "angle": -3.42, "curve": "stepped" },
					{ "time": 0.6333, "angle": -3.42, "curve": "stepped" },
					{ "time": 0.8, "angle": -3.42 }
				],
				"translate": [
					{ "x": 0.59, "y": 1.1 },
					{ "time": 0.3, "x": 0.65, "y": 1.83 },
					{ "time": 0.6333, "x": 0.45, "y": -0.6 },
					{ "time": 0.8, "x": 0.59, "y": 1.1 }
				]
			},
			"head": {
				"rotate": [
					{ "angle": 3.69, "curve": "stepped" },
					{ "time": 0.3, "angle": 3.69, "curve": "stepped" },
					{ "time": 0.6333, "angle": 3.69, "curve": "stepped" },
					{ "time": 0.8, "angle": 3.69 }
				],
				"translate": [
					{ "x": -1.67, "y": -4.94 },
					{ "time": 0.3, "x": -0.46, "y": -4.85 },
					{ "time": 0.6333, "x": -1.67, "y": -4.94, "curve": "stepped" },
					{ "time": 0.8, "x": -1.67, "y": -4.94 }
				]
			},
			"gun": {
				"rotate": [
					{ "angle": 30.6, "curve": "stepped" },
					{ "time": 0.3, "angle": 30.6, "curve": "stepped" },
					{ "time": 0.6333, "angle": 30.6, "curve": "stepped" },
					{ "time": 0.8, "angle": 30.6 }
				],
				"translate": [
					{ "x": 4.6, "y": -11.71, "curve": "stepped" },
					{ "time": 0.3, "x": 4.6, "y": -11.71, "curve": "stepped" },
					{ "time": 0.6333, "x": 4.6, "y": -11.71, "curve": "stepped" },
					{ "time": 0.8, "x": 4.6, "y": -11.71 }
				]
			},
			"arm1_L": {
				"rotate": [
					{ "angle": -13.2, "curve": "stepped" },
					{ "time": 0.3, "angle": -13.2, "curve": "stepped" },
					{ "time": 0.6333, "angle": -13.2, "curve": "stepped" },
					{ "time": 0.8, "angle": -13.2 }
				],
				"translate": [
					{ "x": -1.44, "y": 0.08 },
					{ "time": 0.3, "x": 0.52, "y": -0.01 },
					{ "time": 0.6333, "x": -1.44, "y": 0.08, "curve": "stepped" },
					{ "time": 0.8, "x": -1.44, "y": 0.08 }
				]
			},
			"arm1_R": {
				"rotate": [
					{ "angle": -32.37, "curve": "stepped" },
					{ "time": 0.3, "angle": -32.37, "curve": "stepped" },
					{ "time": 0.6333, "angle": -32.37, "curve": "stepped" },
					{ "time": 0.8, "angle": -32.37 }
				],
				"translate": [
					{ "x": 3.62, "y": -0.06 },
					{ "time": 0.3, "x": 5.57, "y": 0.1 },
					{ "time": 0.6333, "x": 3.62, "y": -0.06, "curve": "stepped" },
					{ "time": 0.8, "x": 3.62, "y": -0.06 }
				]
			},
			"leg1_L": {
				"rotate": [
					{ "curve": "stepped" },
					{ "time": 0.3, "curve": "stepped" },
					{ "time": 0.6333, "curve": "stepped" },
					{ "time": 0.8 }
				],
				"translate": [
					{ "x": -1.54, "y": 1.6, "curve": "stepped" },
					{ "time": 0.3, "x": -1.54, "y": 1.6, "curve": "stepped" },
					{ "time": 0.6333, "x": -1.54, "y": 1.6, "curve": "stepped" },
					{ "time": 0.8, "x": -1.54, "y": 1.6 }
				]
			},
			"leg1_R": {
				"rotate": [
					{ "curve": "stepped" },
					{ "time": 0.3, "curve": "stepped" },
					{ "time": 0.6333, "curve": "stepped" },
					{ "time": 0.8 }
				],
				"translate": [
					{ "x": 0.42, "y": -0.72, "curve": "stepped" },
					{ "time": 0.3, "x": 0.42, "y": -0.72, "curve": "stepped" },
					{ "time": 0.6333, "x": 0.42, "y": -0.72, "curve": "stepped" },
					{ "time": 0.8, "x": 0.42, "y": -0.72 }
				]
			},
			"foot_R": {
				"rotate": [
					{ "curve": "stepped" },
					{ "time": 0.3, "curve": "stepped" },
					{ "time": 0.6333, "curve": "stepped" },
					{ "time": 0.8 }
				],
				"translate": [
					{ "x": 1.28, "curve": "stepped" },
					{ "time": 0.3, "x": 1.28, "curve": "stepped" },
					{ "time": 0.6333, "x": 1.28, "curve": "stepped" },
					{ "time": 0.8, "x": 1.28 }
				]
			},
			"arm2_L": {
				"rotate": [
					{ "angle": -28.65, "curve": "stepped" },
					{ "time": 0.3, "angle": -28.65, "curve": "stepped" },
					{ "time": 0.6333, "angle": -28.65, "curve": "stepped" },
					{ "time": 0.8, "angle": -28.65 }
				],
				"translate": [
					{ "x": 3.11, "y": -1.37, "curve": "stepped" },
					{ "time": 0.3, "x": 3.11, "y": -1.37, "curve": "stepped" },
					{ "time": 0.6333, "x": 3.11, "y": -1.37, "curve": "stepped" },
					{ "time": 0.8, "x": 3.11, "y": -1.37 }
				]
			},
			"arm3_L": {
				"rotate": [
					{ "angle": -15.49, "curve": "stepped" },
					{ "time": 0.3, "angle": -15.49, "curve": "stepped" },
					{ "time": 0.6333, "angle": -15.49, "curve": "stepped" },
					{ "time": 0.8, "angle": -15.49 }
				],
				"translate": [
					{ "x": -9.27, "y": 2.73, "curve": "stepped" },
					{ "time": 0.3, "x": -9.27, "y": 2.73, "curve": "stepped" },
					{ "time": 0.6333, "x": -9.27, "y": 2.73, "curve": "stepped" },
					{ "time": 0.8, "x": -9.27, "y": 2.73 }
				]
			},
			"arm2_R": {
				"rotate": [
					{ "angle": 137.61, "curve": "stepped" },
					{ "time": 0.3, "angle": 137.61, "curve": "stepped" },
					{ "time": 0.6333, "angle": 137.61, "curve": "stepped" },
					{ "time": 0.8, "angle": 137.61 }
				],
				"translate": [
					{ "x": 9.94, "y": -1.77, "curve": "stepped" },
					{ "time": 0.3, "x": 9.94, "y": -1.77, "curve": "stepped" },
					{ "time": 0.6333, "x": 9.94, "y": -1.77, "curve": "stepped" },
					{ "time": 0.8, "x": 9.94, "y": -1.77 }
				]
			},
			"arm3_R": {
				"rotate": [
					{ "angle": 19.73, "curve": "stepped" },
					{ "time": 0.3, "angle": 19.73, "curve": "stepped" },
					{ "time": 0.6333, "angle": 19.73, "curve": "stepped" },
					{ "time": 0.8, "angle": 19.73 }
				],
				"translate": [
					{ "x": 0.37, "y": -0.1, "curve": "stepped" },
					{ "time": 0.3, "x": 0.37, "y": -0.1, "curve": "stepped" },
					{ "time": 0.6333, "x": 0.37, "y": -0.1, "curve": "stepped" },
					{ "time": 0.8, "x": 0.37, "y": -0.1 }
				]
			},
			"foot_L": {
				"rotate": [
					{ "curve": "stepped" },
					{ "time": 0.3, "curve": "stepped" },
					{ "time": 0.6333, "curve": "stepped" },
					{ "time": 0.8 }
				],
				"translate": [
					{ "x": 0.5, "curve": "stepped" },
					{ "time": 0.3, "x": 0.5, "curve": "stepped" },
					{ "time": 0.6333, "x": 0.5, "curve": "stepped" },
					{ "time": 0.8, "x": 0.5 }
				]
			},
			"leg2_L": {
				"rotate": [
					{ "curve": "stepped" },
					{ "time": 0.3, "curve": "stepped" },
					{ "time": 0.6333, "curve": "stepped" },
					{ "time": 0.8 }
				],
				"translate": [
					{ "curve": "stepped" },
					{ "time": 0.3, "curve": "stepped" },
					{ "time": 0.6333, "curve": "stepped" },
					{ "time": 0.8 }
				]
			},
			"leg2_R": {
				"rotate": [
					{ "curve": "stepped" },
					{ "time": 0.3, "curve": "stepped" },
					{ "time": 0.6333, "curve": "stepped" },
					{ "time": 0.8 }
				],
				"translate": [
					{ "curve": "stepped" },
					{ "time": 0.3, "curve": "stepped" },
					{ "time": 0.6333, "curve": "stepped" },
					{ "time": 0.8 }
				]
			},
			"leg3_L": {
				"rotate": [
					{ "curve": "stepped" },
					{ "time": 0.3, "curve": "stepped" },
					{ "time": 0.6333, "curve": "stepped" },
					{ "time": 0.8 }
				],
				"translate": [
					{ "curve": "stepped" },
					{ "time": 0.3, "curve": "stepped" },
					{ "time": 0.6333, "curve": "stepped" },
					{ "time": 0.8 }
				]
			},
			"leg3_R": {
				"rotate": [
					{ "curve": "stepped" },
					{ "time": 0.3, "curve": "stepped" },
					{ "time": 0.6333, "curve": "stepped" },
					{ "time": 0.8 }
				],
				"translate": [
					{ "curve": "stepped" },
					{ "time": 0.3, "curve": "stepped" },
					{ "time": 0.6333, "curve": "stepped" },
					{ "time": 0.8 }
				]
			}
		}
	},
	"attack": {
		"slots": {
			"gun": {
				"attachment": [
					{ "name": null },
					{ "time": 0.2, "name": null },
					{ "time": 0.3667, "name": null }
				]
			}
		},
		"bones": {
			"body": {
				"rotate": [
					{ "angle": 1.53 },
					{ "time": 0.2, "angle": -3.42 },
					{ "time": 0.3667, "angle": -6.74 }
				],
				"translate": [
					{ "x": 0.6, "y": 0.08 },
					{ "time": 0.2, "x": 0.59, "y": 1.1, "curve": "stepped" },
					{ "time": 0.3667, "x": 0.59, "y": 1.1 }
				]
			},
			"head": {
				"rotate": [
					{ "angle": 4.73 },
					{ "time": 0.2, "angle": 6.89 },
					{ "time": 0.3667, "angle": 3.49 }
				],
				"translate": [
					{ "x": -1.66, "y": -3.15 },
					{ "time": 0.2, "x": -1.67, "y": -4.94 },
					{ "time": 0.3667, "x": -1.74, "y": -4.43 }
				]
			},
			"gun": {
				"rotate": [
					{ "angle": 30.6, "curve": "stepped" },
					{ "time": 0.2, "angle": 30.6, "curve": "stepped" },
					{ "time": 0.3667, "angle": 30.6 }
				],
				"translate": [
					{ "x": 4.6, "y": -11.71, "curve": "stepped" },
					{ "time": 0.2, "x": 4.6, "y": -11.71, "curve": "stepped" },
					{ "time": 0.3667, "x": 4.6, "y": -11.71 }
				]
			},
			"arm1_L": {
				"rotate": [
					{ "angle": -13.2, "curve": "stepped" },
					{ "time": 0.2, "angle": -13.2, "curve": "stepped" },
					{ "time": 0.3667, "angle": -13.2 }
				],
				"translate": [
					{ "x": -1.44, "y": 0.08, "curve": "stepped" },
					{ "time": 0.2, "x": -1.44, "y": 0.08, "curve": "stepped" },
					{ "time": 0.3667, "x": -1.44, "y": 0.08 }
				]
			},
			"arm1_R": {
				"rotate": [
					{ "angle": -32.37, "curve": "stepped" },
					{ "time": 0.2, "angle": -32.37, "curve": "stepped" },
					{ "time": 0.3667, "angle": -32.37 }
				],
				"translate": [
					{ "x": 3.62, "y": -0.06, "curve": 0.538, "c4": 0.2 },
					{ "time": 0.2, "x": 6.24, "y": -0.61 },
					{ "time": 0.3667, "x": 3.62, "y": -0.06 }
				]
			},
			"leg1_L": {
				"rotate": [
					{ "curve": "stepped" },
					{ "time": 0.2, "curve": "stepped" },
					{ "time": 0.3667 }
				],
				"translate": [
					{ "x": -1.54, "y": 1.6, "curve": "stepped" },
					{ "time": 0.2, "x": -1.54, "y": 1.6, "curve": "stepped" },
					{ "time": 0.3667, "x": -1.54, "y": 1.6 }
				]
			},
			"leg1_R": {
				"rotate": [
					{ "curve": "stepped" },
					{ "time": 0.2, "curve": "stepped" },
					{ "time": 0.3667 }
				],
				"translate": [
					{ "x": 0.42, "y": -0.72, "curve": "stepped" },
					{ "time": 0.2, "x": 0.42, "y": -0.72, "curve": "stepped" },
					{ "time": 0.3667, "x": 0.42, "y": -0.72 }
				]
			},
			"foot_R": {
				"rotate": [
					{ "curve": "stepped" },
					{ "time": 0.2, "curve": "stepped" },
					{ "time": 0.3667 }
				],
				"translate": [
					{ "x": 1.28, "curve": "stepped" },
					{ "time": 0.2, "x": 1.28, "curve": "stepped" },
					{ "time": 0.3667, "x": 1.28 }
				]
			},
			"arm2_L": {
				"rotate": [
					{ "angle": -28.65, "curve": "stepped" },
					{ "time": 0.2, "angle": -28.65, "curve": "stepped" },
					{ "time": 0.3667, "angle": -28.65 }
				],
				"translate": [
					{ "x": 3.11, "y": -1.37, "curve": "stepped" },
					{ "time": 0.2, "x": 3.11, "y": -1.37, "curve": "stepped" },
					{ "time": 0.3667, "x": 3.11, "y": -1.37 }
				]
			},
			"arm3_L": {
				"rotate": [
					{ "angle": -15.49, "curve": "stepped" },
					{ "time": 0.2, "angle": -15.49, "curve": "stepped" },
					{ "time": 0.3667, "angle": -15.49 }
				],
				"translate": [
					{ "x": -9.27, "y": 2.73, "curve": "stepped" },
					{ "time": 0.2, "x": -9.27, "y": 2.73, "curve": "stepped" },
					{ "time": 0.3667, "x": -9.27, "y": 2.73 }
				]
			},
			"arm2_R": {
				"rotate": [
					{ "angle": 137.61, "curve": "stepped" },
					{ "time": 0.2, "angle": 137.61, "curve": "stepped" },
					{ "time": 0.3667, "angle": 137.61 }
				],
				"translate": [
					{ "x": 9.94, "y": -1.77, "curve": "stepped" },
					{ "time": 0.2, "x": 9.94, "y": -1.77, "curve": "stepped" },
					{ "time": 0.3667, "x": 9.94, "y": -1.77 }
				]
			},
			"arm3_R": {
				"rotate": [
					{ "angle": 19.73, "curve": "stepped" },
					{ "time": 0.2, "angle": 19.73, "curve": "stepped" },
					{ "time": 0.3667, "angle": 19.73 }
				],
				"translate": [
					{ "x": 0.37, "y": -0.1, "curve": "stepped" },
					{ "time": 0.2, "x": 0.37, "y": -0.1, "curve": "stepped" },
					{ "time": 0.3667, "x": 0.37, "y": -0.1 }
				]
			},
			"foot_L": {
				"rotate": [
					{ "curve": "stepped" },
					{ "time": 0.2, "curve": "stepped" },
					{ "time": 0.3667 }
				],
				"translate": [
					{ "x": 0.5, "curve": "stepped" },
					{ "time": 0.2, "x": 0.5, "curve": "stepped" },
					{ "time": 0.3667, "x": 0.5 }
				]
			},
			"leg2_L": {
				"rotate": [
					{ "curve": "stepped" },
					{ "time": 0.2, "curve": "stepped" },
					{ "time": 0.3667 }
				],
				"translate": [
					{ "curve": "stepped" },
					{ "time": 0.2, "curve": "stepped" },
					{ "time": 0.3667 }
				]
			},
			"leg2_R": {
				"rotate": [
					{ "curve": "stepped" },
					{ "time": 0.2, "curve": "stepped" },
					{ "time": 0.3667 }
				],
				"translate": [
					{ "curve": "stepped" },
					{ "time": 0.2, "curve": "stepped" },
					{ "time": 0.3667 }
				]
			},
			"leg3_L": {
				"rotate": [
					{ "curve": "stepped" },
					{ "time": 0.2, "curve": "stepped" },
					{ "time": 0.3667 }
				],
				"translate": [
					{ "curve": "stepped" },
					{ "time": 0.2, "curve": "stepped" },
					{ "time": 0.3667 }
				]
			},
			"leg3_R": {
				"rotate": [
					{ "curve": "stepped" },
					{ "time": 0.2, "curve": "stepped" },
					{ "time": 0.3667 }
				],
				"translate": [
					{ "curve": "stepped" },
					{ "time": 0.2, "curve": "stepped" },
					{ "time": 0.3667 }
				]
			}
		}
	},
	"dead1": {
		"slots": {
			"gunanfas": {
				"attachment": [
					{ "name": null },
					{ "time": 0.2667, "name": null },
					{ "time": 0.4667, "name": null }
				]
			}
		},
		"bones": {
			"body": {
				"rotate": [
					{ "angle": -16.4 },
					{ "time": 0.0667, "angle": -44.66 },
					{ "time": 0.1333, "angle": -63.36 },
					{ "time": 0.2, "angle": -90.04, "curve": "stepped" },
					{ "time": 0.2667, "angle": -90.04 },
					{ "time": 0.3333, "angle": -87.48 },
					{ "time": 0.4, "angle": -90.04, "curve": "stepped" },
					{ "time": 0.4667, "angle": -90.04 }
				],
				"translate": [
					{ "x": -3.01, "y": 8.88 },
					{ "time": 0.0667, "x": 21.55, "y": 5.46 },
					{ "time": 0.1333, "x": 29.88, "y": -13.01 },
					{ "time": 0.2, "x": 34.37, "y": -30.88 },
					{ "time": 0.2667, "x": 42.72, "y": -51.19 },
					{ "time": 0.3333, "x": 43.01, "y": -44.48 },
					{ "time": 0.4, "x": 42.72, "y": -51.19 },
					{ "time": 0.4667, "x": 43.21, "y": -47.75 }
				]
			},
			"leg1_L": {
				"rotate": [
					{ "curve": "stepped" },
					{ "time": 0.0667, "curve": "stepped" },
					{ "time": 0.1333, "curve": "stepped" },
					{ "time": 0.2, "curve": "stepped" },
					{ "time": 0.2667, "curve": "stepped" },
					{ "time": 0.4, "curve": "stepped" },
					{ "time": 0.4667 }
				],
				"translate": [
					{ "x": -4.3, "y": 1.88 },
					{ "time": 0.0667, "x": -3.85, "y": 3.34 },
					{ "time": 0.1333, "x": -7.16, "y": 5.04 },
					{ "time": 0.2, "x": -6.09, "y": 2.93 },
					{ "time": 0.2667, "x": -7.39, "y": 5.44, "curve": "stepped" },
					{ "time": 0.4, "x": -7.39, "y": 5.44, "curve": "stepped" },
					{ "time": 0.4667, "x": -7.39, "y": 5.44 }
				]
			},
			"leg1_R": {
				"rotate": [
					{ "curve": "stepped" },
					{ "time": 0.0667, "curve": "stepped" },
					{ "time": 0.1333, "curve": "stepped" },
					{ "time": 0.2, "curve": "stepped" },
					{ "time": 0.2667, "curve": "stepped" },
					{ "time": 0.4, "curve": "stepped" },
					{ "time": 0.4667 }
				],
				"translate": [
					{ "x": -4.2, "y": -1.94 },
					{ "time": 0.0667, "x": -0.82, "y": 0.96 },
					{ "time": 0.1333, "x": -4.48, "y": 5.13 },
					{ "time": 0.2, "x": -5.36, "y": 0.14 },
					{ "time": 0.2667, "x": -2.44, "y": -3.36, "curve": "stepped" },
					{ "time": 0.4, "x": -2.44, "y": -3.36, "curve": "stepped" },
					{ "time": 0.4667, "x": -2.44, "y": -3.36 }
				]
			},
			"head": {
				"rotate": [
					{ "angle": -32.58 },
					{ "time": 0.0667, "angle": -30.42 },
					{ "time": 0.1333, "angle": -27.73 },
					{ "time": 0.2, "angle": -5.29 },
					{ "time": 0.2667, "angle": -6.19 },
					{ "time": 0.3333, "angle": 4.33 },
					{ "time": 0.4, "angle": -6.19, "curve": "stepped" },
					{ "time": 0.4667, "angle": -6.19 }
				],
				"translate": [
					{ "x": -0.18, "y": -0.74 },
					{ "time": 0.0667, "x": -1.77, "y": 1.63 },
					{ "time": 0.1333, "x": -2.55, "y": -3.03 },
					{ "time": 0.2, "x": -4.95, "y": 5.45 },
					{ "time": 0.2667, "x": -4.61, "y": 5.45, "curve": "stepped" },
					{ "time": 0.4, "x": -4.61, "y": 5.45, "curve": "stepped" },
					{ "time": 0.4667, "x": -4.61, "y": 5.45 }
				]
			},
			"arm1_L": {
				"rotate": [
					{ "angle": 2.83 },
					{ "time": 0.0667, "angle": -94.03 },
					{ "time": 0.1333, "angle": -99.96 },
					{ "time": 0.2, "angle": -76.56 },
					{ "time": 0.2667, "angle": -77.09 },
					{ "time": 0.4, "angle": -49.27 },
					{ "time": 0.4667, "angle": -19.98 }
				],
				"translate": [
					{ "x": 2.64, "y": 1.08 },
					{ "time": 0.0667, "x": -8.92, "y": 5.97 },
					{ "time": 0.1333, "x": -7.9, "y": 8.29 },
					{ "time": 0.4667, "x": 1.02, "y": 1.78 }
				]
			},
			"arm2_L": {
				"rotate": [
					{ "angle": -12.43 },
					{ "time": 0.0667, "angle": 81.89 },
					{ "time": 0.1333, "angle": 65.97 },
					{ "time": 0.2, "angle": 69.39 },
					{ "time": 0.2667, "angle": 63.79, "curve": "stepped" },
					{ "time": 0.4, "angle": 63.79, "curve": "stepped" },
					{ "time": 0.4667, "angle": 63.79 }
				],
				"translate": [
					{ "x": 2.18, "y": -1.82 },
					{ "time": 0.0667, "x": 1.97, "y": 0.51 },
					{ "time": 0.1333, "x": -1.5, "y": -0.22, "curve": "stepped" },
					{ "time": 0.2, "x": -1.5, "y": -0.22 },
					{ "time": 0.2667, "x": 2.85, "y": -0.46, "curve": "stepped" },
					{ "time": 0.4, "x": 2.85, "y": -0.46, "curve": "stepped" },
					{ "time": 0.4667, "x": 2.85, "y": -0.46 }
				]
			},
			"arm3_L": {
				"rotate": [
					{ "angle": 2.96, "curve": "stepped" },
					{ "time": 0.0667, "angle": 2.96, "curve": "stepped" },
					{ "time": 0.1333, "angle": 2.96 },
					{ "time": 0.2, "angle": -22.46 },
					{ "time": 0.2667, "angle": -28.25, "curve": "stepped" },
					{ "time": 0.4, "angle": -28.25, "curve": "stepped" },
					{ "time": 0.4667, "angle": -28.25 }
				],
				"translate": [
					{ "x": 1.08, "y": 3.42 },
					{ "time": 0.0667, "x": 2.74, "y": -0.15, "curve": "stepped" },
					{ "time": 0.1333, "x": 2.74, "y": -0.15 },
					{ "time": 0.2, "x": 4.35, "y": 1.49 },
					{ "time": 0.2667, "x": 0.13, "y": 2.95, "curve": "stepped" },
					{ "time": 0.4, "x": 0.13, "y": 2.95, "curve": "stepped" },
					{ "time": 0.4667, "x": 0.13, "y": 2.95 }
				]
			},
			"gun": {
				"rotate": [
					{ "angle": -3.84, "curve": "stepped" },
					{ "time": 0.0667, "angle": -3.84 },
					{ "time": 0.1333, "angle": 39.51 },
					{ "time": 0.2, "angle": 84.34 },
					{ "time": 0.2667, "angle": 101.67 },
					{ "time": 0.3333, "angle": 87.81, "curve": "stepped" },
					{ "time": 0.4, "angle": 87.81 },
					{ "time": 0.4667, "angle": 64.66 }
				],
				"translate": [
					{ "x": -1.07, "y": -3.5 },
					{ "time": 0.0667, "x": 2.43, "y": 14.62 },
					{ "time": 0.1333, "x": 16.94, "y": 33.61 },
					{ "time": 0.2, "x": -1.02, "y": 44.8 },
					{ "time": 0.2667, "x": -2.18, "y": 51.35 },
					{ "time": 0.3333, "x": -5.32, "y": 48.74 },
					{ "time": 0.4, "x": 21.78, "y": 33.25 },
					{ "time": 0.4667, "x": 40.74, "y": 8 }
				]
			},
			"arm1_R": {
				"rotate": [
					{},
					{ "time": 0.0667, "angle": -24.41 },
					{ "time": 0.1333, "angle": -50.16 },
					{ "time": 0.2, "angle": -5.09 },
					{ "time": 0.2667, "angle": 13.94 },
					{ "time": 0.4, "angle": 44.3 },
					{ "time": 0.4667, "angle": 39.97 }
				],
				"translate": [
					{},
					{ "time": 0.0667, "x": -4.54, "y": -3.41 },
					{ "time": 0.1333, "x": -3.46, "y": -4.74 },
					{ "time": 0.2, "x": -1.89, "y": -3.88, "curve": "stepped" },
					{ "time": 0.2667, "x": -1.89, "y": -3.88, "curve": "stepped" },
					{ "time": 0.4, "x": -1.89, "y": -3.88 },
					{ "time": 0.4667, "x": -0.32, "y": -3.02 }
				]
			},
			"arm3_R": {
				"rotate": [
					{ "angle": 13.26 },
					{ "time": 0.0667, "angle": 18.81, "curve": "stepped" },
					{ "time": 0.1333, "angle": 18.81, "curve": "stepped" },
					{ "time": 0.2, "angle": 18.81 },
					{ "time": 0.2667, "angle": 1.3, "curve": "stepped" },
					{ "time": 0.4, "angle": 1.3, "curve": "stepped" },
					{ "time": 0.4667, "angle": 1.3 }
				],
				"translate": [
					{ "x": 3.54, "y": -1.68 },
					{ "time": 0.0667, "x": 0.98, "y": 0.13 },
					{ "time": 0.1333, "x": 1.52, "y": -0.06 },
					{ "time": 0.2, "x": 0.64, "y": -2.31 },
					{ "time": 0.2667, "x": -0.51, "y": 0.11, "curve": "stepped" },
					{ "time": 0.4, "x": -0.51, "y": 0.11, "curve": "stepped" },
					{ "time": 0.4667, "x": -0.51, "y": 0.11 }
				]
			},
			"arm2_R": {
				"rotate": [
					{ "angle": -14.28 },
					{ "time": 0.0667, "angle": -17.77 },
					{ "time": 0.1333, "angle": -31.59 },
					{ "time": 0.2, "angle": -20.08 },
					{ "time": 0.2667, "angle": -13.69, "curve": "stepped" },
					{ "time": 0.4, "angle": -13.69, "curve": "stepped" },
					{ "time": 0.4667, "angle": -13.69 }
				],
				"translate": [
					{},
					{ "time": 0.0667, "x": 0.89, "y": 1.32 },
					{ "time": 0.1333, "x": 5.05, "y": 1.29 },
					{ "time": 0.2, "x": -0.94, "y": 0.98 },
					{ "time": 0.2667, "x": -0.9, "y": 2.54, "curve": "stepped" },
					{ "time": 0.4, "x": -0.9, "y": 2.54, "curve": "stepped" },
					{ "time": 0.4667, "x": -0.9, "y": 2.54 }
				]
			},
			"foot_L": {
				"rotate": [
					{ "curve": "stepped" },
					{ "time": 0.0667, "curve": "stepped" },
					{ "time": 0.1333, "curve": "stepped" },
					{ "time": 0.2, "curve": "stepped" },
					{ "time": 0.2667, "curve": "stepped" },
					{ "time": 0.4, "curve": "stepped" },
					{ "time": 0.4667 }
				],
				"translate": [
					{ "x": -3.41, "y": 3.9 },
					{ "time": 0.0667, "x": -9.27, "y": 4.16 },
					{ "time": 0.1333, "x": -29.8, "y": -1.6 },
					{ "time": 0.2, "x": -43.9, "y": 2.43 },
					{ "time": 0.2667, "x": -37.49, "y": -0.59, "curve": "stepped" },
					{ "time": 0.4, "x": -37.49, "y": -0.59 },
					{ "time": 0.4667, "x": -37.49, "y": -0.33 }
				]
			},
			"foot_R": {
				"rotate": [
					{ "curve": "stepped" },
					{ "time": 0.0667, "curve": "stepped" },
					{ "time": 0.1333, "curve": "stepped" },
					{ "time": 0.2, "curve": "stepped" },
					{ "time": 0.2667, "curve": "stepped" },
					{ "time": 0.4, "curve": "stepped" },
					{ "time": 0.4667 }
				],
				"translate": [
					{ "x": -0.05, "y": 5.15 },
					{ "time": 0.0667, "x": -2.52, "y": 28 },
					{ "time": 0.1333, "x": -17.11, "y": 51.72 },
					{ "time": 0.2, "x": -7.53, "y": 47.94 },
					{ "time": 0.2667, "x": 5.24, "y": 9.02, "curve": "stepped" },
					{ "time": 0.4, "x": 5.24, "y": 9.02 },
					{ "time": 0.4667, "x": 5.24, "y": 9.82 }
				]
			},
			"leg2_L": {
				"rotate": [
					{ "curve": "stepped" },
					{ "time": 0.0667, "curve": "stepped" },
					{ "time": 0.1333, "curve": "stepped" },
					{ "time": 0.2, "curve": "stepped" },
					{ "time": 0.2667, "curve": "stepped" },
					{ "time": 0.4, "curve": "stepped" },
					{ "time": 0.4667 }
				],
				"translate": [
					{ "curve": "stepped" },
					{ "time": 0.0667, "curve": "stepped" },
					{ "time": 0.1333, "curve": "stepped" },
					{ "time": 0.2, "curve": "stepped" },
					{ "time": 0.2667, "curve": "stepped" },
					{ "time": 0.4, "curve": "stepped" },
					{ "time": 0.4667 }
				]
			},
			"leg2_R": {
				"rotate": [
					{ "curve": "stepped" },
					{ "time": 0.0667, "curve": "stepped" },
					{ "time": 0.1333, "curve": "stepped" },
					{ "time": 0.2, "curve": "stepped" },
					{ "time": 0.2667, "curve": "stepped" },
					{ "time": 0.4, "curve": "stepped" },
					{ "time": 0.4667 }
				],
				"translate": [
					{ "curve": "stepped" },
					{ "time": 0.0667, "curve": "stepped" },
					{ "time": 0.1333, "curve": "stepped" },
					{ "time": 0.2, "curve": "stepped" },
					{ "time": 0.2667, "curve": "stepped" },
					{ "time": 0.4, "curve": "stepped" },
					{ "time": 0.4667 }
				]
			},
			"leg3_L": {
				"rotate": [
					{ "angle": 22.64, "curve": "stepped" },
					{ "time": 0.0667, "angle": 22.64 },
					{ "time": 0.1333, "angle": -28.22 },
					{ "time": 0.2, "angle": -63.61 },
					{ "time": 0.2667, "angle": -64.83, "curve": "stepped" },
					{ "time": 0.4, "angle": -64.83, "curve": "stepped" },
					{ "time": 0.4667, "angle": -64.83 }
				],
				"translate": [
					{ "curve": "stepped" },
					{ "time": 0.0667 },
					{ "time": 0.1333, "x": 0.14, "y": 1.71 },
					{ "time": 0.2, "x": -0.84, "y": -0.96 },
					{ "time": 0.2667, "x": -0.84, "y": 3.5, "curve": "stepped" },
					{ "time": 0.4, "x": -0.84, "y": 3.5, "curve": "stepped" },
					{ "time": 0.4667, "x": -0.84, "y": 3.5 }
				]
			},
			"leg3_R": {
				"rotate": [
					{ "angle": 14.58 },
					{ "time": 0.0667, "angle": -25.28 },
					{ "time": 0.1333, "angle": 292.47 },
					{ "time": 0.2, "angle": -84.87 },
					{ "time": 0.2667, "angle": -63.19, "curve": "stepped" },
					{ "time": 0.4, "angle": -63.19, "curve": "stepped" },
					{ "time": 0.4667, "angle": -63.19 }
				],
				"translate": [
					{},
					{ "time": 0.0667, "x": -2, "y": -2.25 },
					{ "time": 0.1333, "x": -0.48, "y": 2.04 },
					{ "time": 0.2, "x": 1.15, "y": 2.26 },
					{ "time": 0.2667, "x": -1.17, "y": -3, "curve": "stepped" },
					{ "time": 0.4, "x": -1.17, "y": -3, "curve": "stepped" },
					{ "time": 0.4667, "x": -1.17, "y": -3 }
				]
			}
		}
	},
	"dead2": {
		"slots": {
			"gunanfas": {
				"attachment": [
					{ "name": null }
				]
			}
		},
		"bones": {
			"body": {
				"rotate": [
					{ "angle": -8.86 },
					{ "time": 0.1333, "angle": 6.71 },
					{ "time": 0.3, "angle": -22.31 },
					{ "time": 0.4, "angle": -55.24 },
					{ "time": 0.5, "angle": -87.68 },
					{ "time": 0.6, "angle": -83.98 },
					{ "time": 0.7, "angle": -87.68 }
				],
				"translate": [
					{ "x": 0.64, "y": 0.59 },
					{ "time": 0.1333, "x": -10.08, "y": -3.03 },
					{ "time": 0.4, "x": 6.68, "y": -8.63 },
					{ "time": 0.5, "x": 29.89, "y": -49.01, "curve": "stepped" },
					{ "time": 0.7, "x": 29.89, "y": -49.01 }
				]
			},
			"leg1_L": {
				"rotate": [
					{},
					{ "time": 0.1333, "angle": -3.35 },
					{ "time": 0.4, "angle": 20.25 },
					{ "time": 0.7, "angle": -83.38 }
				],
				"translate": [
					{ "x": -0.91, "y": -1.19, "curve": "stepped" },
					{ "time": 0.1333, "x": -0.91, "y": -1.19 },
					{ "time": 0.4, "x": 7.64, "y": 0.78 },
					{ "time": 0.5, "x": 3.32, "y": 7.86, "curve": "stepped" },
					{ "time": 0.7, "x": 3.32, "y": 7.86 }
				]
			},
			"leg1_R": {
				"rotate": [
					{},
					{ "time": 0.1333, "angle": -49.03 },
					{ "time": 0.3, "angle": -15.06 },
					{ "time": 0.4, "angle": 3.35 },
					{ "time": 0.7, "angle": -41.38 }
				],
				"translate": [
					{ "x": -0.74, "y": 2.03, "curve": "stepped" },
					{ "time": 0.1333, "x": -0.74, "y": 2.03 },
					{ "time": 0.3, "x": 1, "y": -2.76 },
					{ "time": 0.4, "x": 2.5, "y": -4.52 },
					{ "time": 0.5, "x": 4.09, "y": -4.55, "curve": "stepped" },
					{ "time": 0.7, "x": 4.09, "y": -4.55 }
				]
			},
			"head": {
				"rotate": [
					{},
					{ "time": 0.1333, "angle": 4.19 },
					{ "time": 0.3, "angle": 27.88 },
					{ "time": 0.4, "angle": 28.25 },
					{ "time": 0.5, "angle": 1.05 },
					{ "time": 0.6, "angle": 29.69 },
					{ "time": 0.7, "angle": 8.78 }
				],
				"translate": [
					{ "curve": "stepped" },
					{ "time": 0.7 }
				]
			},
			"arm1_L": {
				"rotate": [
					{},
					{ "time": 0.1333, "angle": -9.05 },
					{ "time": 0.3, "angle": -21.99 },
					{ "time": 0.4, "angle": -58.7 },
					{ "time": 0.5, "angle": -42.84, "curve": "stepped" },
					{ "time": 0.7, "angle": -42.84 }
				],
				"translate": [
					{},
					{ "time": 0.5, "x": -0.26, "y": 2.87, "curve": "stepped" },
					{ "time": 0.7, "x": -0.26, "y": 2.87 }
				]
			},
			"arm2_L": {
				"rotate": [
					{},
					{ "time": 0.1333, "angle": 25.33 },
					{ "time": 0.3, "angle": -4.24, "curve": "stepped" },
					{ "time": 0.5, "angle": -4.24 },
					{ "time": 0.7, "angle": -94.04 }
				],
				"translate": [
					{ "curve": "stepped" },
					{ "time": 0.5, "curve": "stepped" },
					{ "time": 0.7 }
				]
			},
			"arm3_L": {
				"rotate": [
					{ "curve": "stepped" },
					{ "time": 0.7 }
				],
				"translate": [
					{ "curve": "stepped" },
					{ "time": 0.7 }
				]
			},
			"gun": {
				"rotate": [
					{},
					{ "time": 0.1333, "angle": -30.48 },
					{ "time": 0.3, "angle": 39.82 },
					{ "time": 0.4, "angle": 81.55 },
					{ "time": 0.5, "angle": 122.27 },
					{ "time": 0.5333, "angle": 136.01 },
					{ "time": 0.5667, "angle": 148.45 },
					{ "time": 0.6, "angle": 163.48 },
					{ "time": 0.6333, "angle": -179.72 },
					{ "time": 0.6667, "angle": -165.32 },
					{ "time": 0.7, "angle": -147.84 }
				],
				"translate": [
					{},
					{ "time": 0.1333, "x": 12.69, "y": -10.41 },
					{ "time": 0.1667, "x": 25.43, "y": -5.41 },
					{ "time": 0.2, "x": 33.07, "y": 1.2 },
					{ "time": 0.2333, "x": 38.79, "y": 11.29 },
					{ "time": 0.2667, "x": 42.98, "y": 27.84 },
					{ "time": 0.3, "x": 34.88, "y": 56.07 },
					{ "time": 0.3333, "x": 14.82, "y": 67.77 },
					{ "time": 0.3667, "x": -12.41, "y": 75.76 },
					{ "time": 0.4, "x": -44.02, "y": 78.31 },
					{ "time": 0.5, "x": -12.92, "y": 85.19 },
					{ "time": 0.5333, "x": -31.19, "y": 84.96 },
					{ "time": 0.5667, "x": -49.03, "y": 80.31 },
					{ "time": 0.6, "x": -65.36, "y": 71.86 },
					{ "time": 0.6333, "x": -80.02, "y": 57.11 },
					{ "time": 0.6667, "x": -90.6, "y": 39.14 },
					{ "time": 0.7, "x": -95.81, "y": 19.11 }
				]
			},
			"arm1_R": {
				"rotate": [
					{},
					{ "time": 0.1333, "angle": 13.18 },
					{ "time": 0.3, "angle": 12.48 },
					{ "time": 0.4, "angle": -2.72 },
					{ "time": 0.5, "angle": 43.84, "curve": "stepped" },
					{ "time": 0.7, "angle": 43.84 }
				],
				"translate": [
					{},
					{ "time": 0.4, "x": -2.82, "y": -1.95 },
					{ "time": 0.5, "x": 2.52, "y": -5.55, "curve": "stepped" },
					{ "time": 0.7, "x": 2.52, "y": -5.55 }
				]
			},
			"arm3_R": {
				"rotate": [
					{},
					{ "time": 0.1333, "angle": 17.63, "curve": "stepped" },
					{ "time": 0.7, "angle": 17.63 }
				],
				"translate": [
					{},
					{ "time": 0.1333, "x": -4.49, "y": 0.32, "curve": "stepped" },
					{ "time": 0.7, "x": -4.49, "y": 0.32 }
				]
			},
			"arm2_R": {
				"rotate": [
					{},
					{ "time": 0.1333, "angle": -20.94, "curve": "stepped" },
					{ "time": 0.7, "angle": -20.94 }
				],
				"translate": [
					{},
					{ "time": 0.1333, "x": 0.87, "y": 1.13, "curve": "stepped" },
					{ "time": 0.7, "x": 0.87, "y": 1.13 }
				]
			},
			"foot_L": {
				"rotate": [
					{ "curve": "stepped" },
					{ "time": 0.7 }
				],
				"translate": [
					{ "curve": "stepped" },
					{ "time": 0.7 }
				]
			},
			"foot_R": {
				"rotate": [
					{ "curve": "stepped" },
					{ "time": 0.4, "curve": "stepped" },
					{ "time": 0.7 }
				],
				"translate": [
					{ "curve": "stepped" },
					{ "time": 0.4 },
					{ "time": 0.5, "x": 5.41, "curve": "stepped" },
					{ "time": 0.7, "x": 5.41 }
				]
			},
			"leg2_L": {
				"rotate": [
					{},
					{ "time": 0.7, "angle": 163.73 }
				],
				"translate": [
					{ "curve": "stepped" },
					{ "time": 0.7 }
				]
			},
			"leg2_R": {
				"rotate": [
					{},
					{ "time": 0.7, "angle": 89.05 }
				],
				"translate": [
					{ "curve": "stepped" },
					{ "time": 0.7 }
				]
			},
			"leg3_L": {
				"rotate": [
					{},
					{ "time": 0.3, "angle": 27.21 },
					{ "time": 0.5, "angle": 0.48, "curve": "stepped" },
					{ "time": 0.7, "angle": 0.48 }
				],
				"translate": [
					{ "curve": "stepped" },
					{ "time": 0.7 }
				]
			},
			"leg3_R": {
				"rotate": [
					{ "curve": "stepped" },
					{ "time": 0.7 }
				],
				"translate": [
					{ "curve": "stepped" },
					{ "time": 0.7 }
				]
			}
		}
	},
	"dead3": {
		"slots": {
			"gunanfas": {
				"attachment": [
					{ "name": null }
				]
			}
		},
		"bones": {
			"body": {
				"rotate": [
					{},
					{ "time": 0.1333, "angle": -14.06 },
					{ "time": 0.2667, "angle": -22.38 },
					{ "time": 0.4, "angle": -84.37, "curve": "stepped" },
					{ "time": 0.5, "angle": -84.37 }
				],
				"translate": [
					{ "x": 1, "y": 7.56 },
					{ "time": 0.1333, "x": 17.43, "y": 20.83 },
					{ "time": 0.2667, "x": 29.62, "y": -43.75 },
					{ "time": 0.4, "x": 40.31, "y": -51.18, "curve": "stepped" },
					{ "time": 0.5, "x": 40.31, "y": -51.18 }
				]
			},
			"leg1_L": {
				"rotate": [
					{},
					{ "time": 0.5, "angle": -11.39 }
				],
				"translate": [
					{ "x": -0.96, "y": 1.06 },
					{ "time": 0.1333, "x": -4.41, "y": 11.98 },
					{ "time": 0.3333, "x": -2.51, "y": 12.7 },
					{ "time": 0.3667, "x": -5.41, "y": 10.68 },
					{ "time": 0.4, "x": -3.75, "y": 7.63, "curve": "stepped" },
					{ "time": 0.5, "x": -3.75, "y": 7.63 }
				]
			},
			"leg1_R": {
				"rotate": [
					{},
					{ "time": 0.4, "angle": -69.73 },
					{ "time": 0.5, "angle": -48.2 }
				],
				"translate": [
					{ "x": 0.28, "y": 1.05 },
					{ "time": 0.4, "x": 2.03, "y": -1.3, "curve": "stepped" },
					{ "time": 0.5, "x": 2.03, "y": -1.3 }
				]
			},
			"head": {
				"rotate": [
					{ "angle": -6.15, "curve": "stepped" },
					{ "time": 0.5, "angle": -6.15 }
				],
				"translate": [
					{},
					{ "time": 0.2667, "x": -11.37, "y": 1.07, "curve": "stepped" },
					{ "time": 0.5, "x": -11.37, "y": 1.07 }
				]
			},
			"arm1_L": {
				"rotate": [
					{ "angle": 3.05 },
					{ "time": 0.1333, "angle": 10.58 },
					{ "time": 0.2667, "angle": 92.96 },
					{ "time": 0.4, "angle": 152.69 },
					{ "time": 0.5, "angle": 120.52 }
				],
				"translate": [
					{ "curve": "stepped" },
					{ "time": 0.1333 },
					{ "time": 0.2667, "x": -0.34, "y": 4.24 },
					{ "time": 0.4, "x": 1.09, "y": 9.9 },
					{ "time": 0.5, "x": 2.63, "y": 7.02 }
				]
			},
			"arm2_L": {
				"rotate": [
					{ "angle": 150.53 },
					{ "time": 0.1333, "angle": 170.19 },
					{ "time": 0.2667, "angle": 132 },
					{ "time": 0.5, "angle": 105.03 }
				],
				"translate": [
					{ "x": -0.65, "y": -0.76, "curve": "stepped" },
					{ "time": 0.1333, "x": -0.65, "y": -0.76 },
					{ "time": 0.2667, "x": 0.24, "y": -0.91, "curve": "stepped" },
					{ "time": 0.5, "x": 0.24, "y": -0.91 }
				]
			},
			"arm3_L": {
				"rotate": [
					{ "curve": "stepped" },
					{ "time": 0.5 }
				],
				"translate": [
					{ "x": 0.43, "y": 2.32, "curve": "stepped" },
					{ "time": 0.5, "x": 0.43, "y": 2.32 }
				]
			},
			"gun": {
				"rotate": [
					{ "angle": 77.87 },
					{ "time": 0.1333, "angle": 25.14 },
					{ "time": 0.2667, "angle": -67.75 },
					{ "time": 0.5, "angle": 20.6 }
				],
				"translate": [
					{ "x": -6.85, "y": 18.78 },
					{ "time": 0.1333, "x": -9.83, "y": -3.39 },
					{ "time": 0.2667, "x": -28.04, "y": -20.79 },
					{ "time": 0.5, "x": 1.81, "y": 4.28 }
				]
			},
			"arm1_R": {
				"rotate": [
					{ "angle": -2.09 },
					{ "time": 0.1333, "angle": -16.3 },
					{ "time": 0.2667, "angle": -84.13 },
					{ "time": 0.4, "angle": -41.56 },
					{ "time": 0.5, "angle": -134.45 }
				],
				"translate": [
					{ "curve": "stepped" },
					{ "time": 0.1333 },
					{ "time": 0.5, "x": 0.69, "y": -4.06 }
				]
			},
			"arm3_R": {
				"rotate": [
					{},
					{ "time": 0.4, "angle": 11.6, "curve": "stepped" },
					{ "time": 0.5, "angle": 11.6 }
				],
				"translate": [
					{ "x": -0.77, "y": 0.46 },
					{ "time": 0.4, "x": -1.34, "y": 1.94 },
					{ "time": 0.5, "x": -1.77, "y": -0.08 }
				]
			},
			"arm2_R": {
				"rotate": [
					{ "angle": -76.86 },
					{ "time": 0.2667, "angle": -28.74 },
					{ "time": 0.4, "angle": -14.5, "curve": "stepped" },
					{ "time": 0.5, "angle": -14.5 }
				],
				"translate": [
					{ "x": 3.03, "y": 2.63 },
					{ "time": 0.2667, "x": 3.22, "y": 1.37, "curve": "stepped" },
					{ "time": 0.5, "x": 3.22, "y": 1.37 }
				]
			},
			"foot_L": {
				"rotate": [
					{ "curve": "stepped" },
					{ "time": 0.5 }
				],
				"translate": [
					{ "x": 3.23, "y": 7.41 },
					{ "time": 0.1333, "x": -23.75, "y": 48.75 },
					{ "time": 0.2667, "x": -16.75, "y": 37.75 },
					{ "time": 0.4, "x": -38.89, "y": -3, "curve": "stepped" },
					{ "time": 0.5, "x": -38.89, "y": -3 }
				]
			},
			"foot_R": {
				"rotate": [
					{ "curve": "stepped" },
					{ "time": 0.5 }
				],
				"translate": [
					{ "x": -4.59, "y": 9.15 },
					{ "time": 0.1333, "x": -9.65, "y": 41.87 },
					{ "time": 0.2667, "x": 9.59, "y": 32.86 },
					{ "time": 0.4, "x": 17.96, "y": -0.5, "curve": "stepped" },
					{ "time": 0.5, "x": 17.96, "y": -0.5 }
				]
			},
			"leg2_L": {
				"rotate": [
					{},
					{ "time": 0.5, "angle": 14.66 }
				],
				"translate": [
					{ "curve": "stepped" },
					{ "time": 0.5 }
				]
			},
			"leg2_R": {
				"rotate": [
					{},
					{ "time": 0.5, "angle": 101.02 }
				],
				"translate": [
					{ "curve": "stepped" },
					{ "time": 0.5 }
				]
			},
			"leg3_L": {
				"rotate": [
					{ "angle": 23.4 },
					{ "time": 0.1333, "angle": -21.74 },
					{ "time": 0.2667, "angle": -93.58 },
					{ "time": 0.4, "angle": -53.23, "curve": "stepped" },
					{ "time": 0.5, "angle": -53.23 }
				],
				"translate": [
					{},
					{ "time": 0.1333, "x": 0.5, "curve": "stepped" },
					{ "time": 0.2667, "x": 0.5 },
					{ "time": 0.4, "x": 0.25, "y": 1.5, "curve": "stepped" },
					{ "time": 0.5, "x": 0.25, "y": 1.5 }
				]
			},
			"leg3_R": {
				"rotate": [
					{ "angle": 24.67 },
					{ "time": 0.1333, "angle": -14.78 },
					{ "time": 0.2667, "angle": -93.31 },
					{ "time": 0.4, "angle": -8.63, "curve": "stepped" },
					{ "time": 0.5, "angle": -8.63 }
				],
				"translate": [
					{},
					{ "time": 0.1333, "x": -1.5, "y": 2, "curve": "stepped" },
					{ "time": 0.2667, "x": -1.5, "y": 2 },
					{ "time": 0.4, "x": -0.75, "curve": "stepped" },
					{ "time": 0.5, "x": -0.75 }
				]
			}
		}
	},
	"dead4": {
		"slots": {
			"gunanfas": {
				"attachment": [
					{ "name": null }
				]
			}
		},
		"bones": {
			"body": {
				"rotate": [
					{ "angle": -8.86 },
					{ "time": 0.1333, "angle": 1.08 },
					{ "time": 0.2667, "angle": -11.49 },
					{ "time": 0.4333, "angle": -18.21 },
					{ "time": 0.5667, "angle": 43.85 },
					{ "time": 0.6667, "angle": 94.17 }
				],
				"translate": [
					{ "x": 0.64, "y": 0.59 },
					{ "time": 0.1333, "x": -8.1, "y": -2.79 },
					{ "time": 0.2667, "x": -15.08, "y": -28.36 },
					{ "time": 0.5667, "x": -23.51, "y": -28.86 },
					{ "time": 0.6667, "x": -33.19, "y": -48.2 }
				]
			},
			"leg1_L": {
				"rotate": [
					{},
					{ "time": 0.1333, "angle": -3.35 }
				],
				"translate": [
					{ "x": -0.91, "y": -1.19 },
					{ "time": 0.1333, "x": -1.66, "y": 3.03 },
					{ "time": 0.2667, "x": 0.85, "y": 4.55, "curve": "stepped" },
					{ "time": 0.4333, "x": 0.85, "y": 4.55 },
					{ "time": 0.5667, "x": -3.29, "y": 7.01 }
				]
			},
			"leg1_R": {
				"rotate": [
					{},
					{ "time": 0.1333, "angle": -49.03 }
				],
				"translate": [
					{ "x": -0.74, "y": 2.03, "curve": "stepped" },
					{ "time": 0.1333, "x": -0.74, "y": 2.03 },
					{ "time": 0.2667, "x": 2.85, "y": -1.48 }
				]
			},
			"head": {
				"rotate": [
					{},
					{ "time": 0.1333, "angle": 16.41, "curve": "stepped" },
					{ "time": 0.2667, "angle": 16.41 },
					{ "time": 0.4333, "angle": 63.18 },
					{ "time": 0.5667, "angle": 29.61 },
					{ "time": 0.6667, "angle": -15.77 }
				],
				"translate": [
					{ "curve": "stepped" },
					{ "time": 0.2667 },
					{ "time": 0.4333, "x": -2.64, "y": -1.46 },
					{ "time": 0.5667, "x": -3.87, "y": 0.19 },
					{ "time": 0.6667, "x": -1.1, "y": -2.18 }
				]
			},
			"arm1_L": {
				"rotate": [
					{},
					{ "time": 0.1333, "angle": -9.05 }
				],
				"translate": [
					{}
				]
			},
			"arm2_L": {
				"rotate": [
					{},
					{ "time": 0.1333, "angle": -8.42 }
				],
				"translate": [
					{}
				]
			},
			"arm3_L": {
				"rotate": [
					{}
				],
				"translate": [
					{}
				]
			},
			"gun": {
				"rotate": [
					{ "angle": -26.77 },
					{ "time": 0.1333, "angle": -30.48 },
					{ "time": 0.2667, "angle": -17.24 },
					{ "time": 0.4333, "angle": 20.47 },
					{ "time": 0.5667, "angle": -73.65 },
					{ "time": 0.6667, "angle": -97.63 }
				],
				"translate": [
					{ "x": 9.3, "y": -15.39 },
					{ "time": 0.1333, "x": 40.04, "y": -3.62 },
					{ "time": 0.2667, "x": 54.77, "y": 5.14 },
					{ "time": 0.4333, "x": 63.99, "y": 26.98 },
					{ "time": 0.4667, "x": 64.18, "y": 9.4 },
					{ "time": 0.5, "x": 58.95, "y": -5.59 },
					{ "time": 0.5333, "x": 52.16, "y": -19.43 },
					{ "time": 0.5667, "x": 44.84, "y": -29.82 },
					{ "time": 0.6, "x": 25.24, "y": -32.6 },
					{ "time": 0.6333, "x": 5.3, "y": -34.77 },
					{ "time": 0.6667, "x": -11.29, "y": -29.27 }
				]
			},
			"arm1_R": {
				"rotate": [
					{},
					{ "time": 0.1333, "angle": 32.11 }
				],
				"translate": [
					{}
				]
			},
			"arm3_R": {
				"rotate": [
					{},
					{ "time": 0.1333, "angle": 17.63 }
				],
				"translate": [
					{},
					{ "time": 0.1333, "x": -4.49, "y": 0.32 }
				]
			},
			"arm2_R": {
				"rotate": [
					{},
					{ "time": 0.1333, "angle": -3.98 }
				],
				"translate": [
					{},
					{ "time": 0.1333, "x": 0.87, "y": 1.13 }
				]
			},
			"foot_L": {
				"rotate": [
					{}
				],
				"translate": [
					{},
					{ "time": 0.1333, "x": -3.47, "y": 4.09 },
					{ "time": 0.2667, "x": -13.39, "y": 8.18 },
					{ "time": 0.4333, "x": -12.18, "y": 7.89 },
					{ "time": 0.6667, "x": 2.23, "y": 7.19 }
				]
			},
			"foot_R": {
				"rotate": [
					{ "curve": "stepped" },
					{ "time": 0.6667 }
				],
				"translate": [
					{ "curve": "stepped" },
					{ "time": 0.1333 },
					{ "time": 0.2667, "x": -3.72, "curve": "stepped" },
					{ "time": 0.4333, "x": -3.72, "curve": "stepped" },
					{ "time": 0.5667, "x": -3.72 },
					{ "time": 0.6667, "x": -3.79, "y": -0.5 }
				]
			},
			"leg2_L": {
				"rotate": [
					{}
				],
				"translate": [
					{}
				]
			},
			"leg2_R": {
				"rotate": [
					{}
				],
				"translate": [
					{}
				]
			},
			"leg3_L": {
				"rotate": [
					{},
					{ "time": 0.2667, "angle": 89.56, "curve": "stepped" },
					{ "time": 0.5667, "angle": 89.56 },
					{ "time": 0.6667, "angle": 114.54 }
				],
				"translate": [
					{},
					{ "time": 0.2667, "x": 0.25, "y": -1.98, "curve": "stepped" },
					{ "time": 0.5667, "x": 0.25, "y": -1.98 }
				]
			},
			"leg3_R": {
				"rotate": [
					{}
				],
				"translate": [
					{}
				]
			}
		}
	},
	"idle": {
		"slots": {
			"gunanfas": {
				"attachment": [
					{ "name": null },
					{ "time": 0.8667, "name": null }
				]
			}
		},
		"bones": {
			"body": {
				"rotate": [
					{ "curve": "stepped" },
					{ "time": 0.2333, "curve": "stepped" },
					{ "time": 0.6667, "curve": "stepped" },
					{ "time": 0.8667 }
				],
				"translate": [
					{ "y": 0.28 },
					{ "time": 0.2333, "y": 8.09 },
					{ "time": 0.6667, "y": -1.31 },
					{ "time": 0.8667, "y": 0.28 }
				]
			},
			"leg1_L": {
				"rotate": [
					{ "curve": "stepped" },
					{ "time": 0.2333, "curve": "stepped" },
					{ "time": 0.6667, "curve": "stepped" },
					{ "time": 0.8667 }
				],
				"translate": [
					{ "x": -0.91, "y": -1.19 },
					{ "time": 0.2333, "x": -7.94, "y": -1.11 },
					{ "time": 0.6667, "x": -0.13, "y": -1.17 },
					{ "time": 0.8667, "x": -0.91, "y": -1.19 }
				]
			},
			"leg1_R": {
				"rotate": [
					{ "curve": "stepped" },
					{ "time": 0.2333, "curve": "stepped" },
					{ "time": 0.6667, "curve": "stepped" },
					{ "time": 0.8667 }
				],
				"translate": [
					{ "x": -0.74, "y": 2.03 },
					{ "time": 0.2333, "x": -6.2, "y": 3.58 },
					{ "time": 0.6667, "x": -0.73, "y": 1.15 },
					{ "time": 0.8667, "x": -0.74, "y": 2.03 }
				]
			},
			"head": {
				"rotate": [
					{},
					{ "time": 0.2333, "angle": -2.74 },
					{ "time": 0.6667, "angle": 1.5 },
					{ "time": 0.8667 }
				],
				"translate": [
					{},
					{ "time": 0.2333, "x": -0.41, "y": -2.81 },
					{ "time": 0.6667, "x": -0.54, "y": 0.51 },
					{ "time": 0.8667 }
				]
			},
			"arm1_L": {
				"rotate": [
					{ "curve": "stepped" },
					{ "time": 0.2333, "curve": "stepped" },
					{ "time": 0.6667, "curve": "stepped" },
					{ "time": 0.8667 }
				],
				"translate": [
					{},
					{ "time": 0.2333, "x": 0.99, "y": -2.4 },
					{ "time": 0.6667, "curve": "stepped" },
					{ "time": 0.8667 }
				]
			},
			"arm2_L": {
				"rotate": [
					{ "curve": "stepped" },
					{ "time": 0.2333, "curve": "stepped" },
					{ "time": 0.6667, "curve": "stepped" },
					{ "time": 0.8667 }
				],
				"translate": [
					{},
					{ "time": 0.2333, "x": -0.31, "y": 0.59 },
					{ "time": 0.6667, "curve": "stepped" },
					{ "time": 0.8667 }
				]
			},
			"arm3_L": {
				"rotate": [
					{},
					{ "time": 0.2333, "angle": -4.23 },
					{ "time": 0.6667, "angle": 1.27 },
					{ "time": 0.8667 }
				],
				"translate": [
					{ "curve": "stepped" },
					{ "time": 0.2333, "curve": "stepped" },
					{ "time": 0.6667, "curve": "stepped" },
					{ "time": 0.8667 }
				]
			},
			"gun": {
				"rotate": [
					{},
					{ "time": 0.2333, "angle": -0.83 },
					{ "time": 0.6667, "curve": "stepped" },
					{ "time": 0.8667 }
				],
				"translate": [
					{ "curve": "stepped" },
					{ "time": 0.2333, "curve": "stepped" },
					{ "time": 0.6667, "curve": "stepped" },
					{ "time": 0.8667 }
				]
			},
			"arm1_R": {
				"rotate": [
					{ "curve": "stepped" },
					{ "time": 0.2333, "curve": "stepped" },
					{ "time": 0.6667, "curve": "stepped" },
					{ "time": 0.8667 }
				],
				"translate": [
					{},
					{ "time": 0.2333, "x": 1.29, "y": 1.01 },
					{ "time": 0.6667, "curve": "stepped" },
					{ "time": 0.8667 }
				]
			},
			"arm3_R": {
				"rotate": [
					{},
					{ "time": 0.2333, "angle": -8.82 },
					{ "time": 0.6667, "curve": "stepped" },
					{ "time": 0.8667 }
				],
				"translate": [
					{},
					{ "time": 0.2333, "x": -3.04, "y": 2.14 },
					{ "time": 0.6667, "x": 1.31, "y": 0.27 },
					{ "time": 0.8667 }
				]
			},
			"arm2_R": {
				"rotate": [
					{ "curve": "stepped" },
					{ "time": 0.2333, "curve": "stepped" },
					{ "time": 0.6667, "curve": "stepped" },
					{ "time": 0.8667 }
				],
				"translate": [
					{ "curve": "stepped" },
					{ "time": 0.2333, "curve": "stepped" },
					{ "time": 0.6667, "curve": "stepped" },
					{ "time": 0.8667 }
				]
			},
			"foot_L": {
				"rotate": [
					{ "curve": "stepped" },
					{ "time": 0.2333, "curve": "stepped" },
					{ "time": 0.6667, "curve": "stepped" },
					{ "time": 0.8667 }
				],
				"translate": [
					{ "curve": "stepped" },
					{ "time": 0.2333, "curve": "stepped" },
					{ "time": 0.6667, "curve": "stepped" },
					{ "time": 0.8667 }
				]
			},
			"foot_R": {
				"rotate": [
					{ "curve": "stepped" },
					{ "time": 0.2333, "curve": "stepped" },
					{ "time": 0.6667, "curve": "stepped" },
					{ "time": 0.8667 }
				],
				"translate": [
					{ "curve": "stepped" },
					{ "time": 0.2333, "curve": "stepped" },
					{ "time": 0.6667, "curve": "stepped" },
					{ "time": 0.8667 }
				]
			},
			"leg2_L": {
				"rotate": [
					{ "curve": "stepped" },
					{ "time": 0.2333, "curve": "stepped" },
					{ "time": 0.6667, "curve": "stepped" },
					{ "time": 0.8667 }
				],
				"translate": [
					{ "curve": "stepped" },
					{ "time": 0.2333, "curve": "stepped" },
					{ "time": 0.6667, "curve": "stepped" },
					{ "time": 0.8667 }
				]
			},
			"leg2_R": {
				"rotate": [
					{ "curve": "stepped" },
					{ "time": 0.2333, "curve": "stepped" },
					{ "time": 0.6667, "curve": "stepped" },
					{ "time": 0.8667 }
				],
				"translate": [
					{ "curve": "stepped" },
					{ "time": 0.2333, "curve": "stepped" },
					{ "time": 0.6667, "curve": "stepped" },
					{ "time": 0.8667 }
				]
			},
			"leg3_L": {
				"rotate": [
					{ "curve": "stepped" },
					{ "time": 0.2333, "curve": "stepped" },
					{ "time": 0.6667, "curve": "stepped" },
					{ "time": 0.8667 }
				],
				"translate": [
					{ "curve": "stepped" },
					{ "time": 0.2333, "curve": "stepped" },
					{ "time": 0.6667, "curve": "stepped" },
					{ "time": 0.8667 }
				]
			},
			"leg3_R": {
				"rotate": [
					{ "curve": "stepped" },
					{ "time": 0.2333, "curve": "stepped" },
					{ "time": 0.6667, "curve": "stepped" },
					{ "time": 0.8667 }
				],
				"translate": [
					{ "curve": "stepped" },
					{ "time": 0.2333, "curve": "stepped" },
					{ "time": 0.6667, "curve": "stepped" },
					{ "time": 0.8667 }
				]
			}
		}
	},
	"reload": {
		"slots": {
			"gunanfas": {
				"attachment": [
					{ "name": null },
					{ "time": 0.5, "name": null },
					{ "time": 1.1, "name": null },
					{ "time": 1.7, "name": null }
				]
			}
		},
		"bones": {
			"body": {
				"rotate": [
					{ "curve": "stepped" },
					{ "time": 0.3, "curve": "stepped" },
					{ "time": 0.5, "curve": "stepped" },
					{ "time": 0.7667, "curve": "stepped" },
					{ "time": 1.1, "curve": "stepped" },
					{ "time": 1.4, "curve": "stepped" },
					{ "time": 1.7 }
				],
				"translate": [
					{ "x": -2.77, "y": -30.47 },
					{ "time": 0.3, "x": -2.7, "y": -27.23 },
					{ "time": 0.5, "x": -2.77, "y": -30.47 },
					{ "time": 0.7667, "x": -2.7, "y": -27.23 },
					{ "time": 1.1, "x": -2.77, "y": -30.47 },
					{ "time": 1.4, "x": -2.7, "y": -27.23 },
					{ "time": 1.7, "x": -2.77, "y": -30.47 }
				]
			},
			"leg1_L": {
				"rotate": [
					{ "curve": "stepped" },
					{ "time": 0.3, "curve": "stepped" },
					{ "time": 0.5, "curve": "stepped" },
					{ "time": 0.7667, "curve": "stepped" },
					{ "time": 1.1, "curve": "stepped" },
					{ "time": 1.4, "curve": "stepped" },
					{ "time": 1.7 }
				],
				"translate": [
					{ "x": -0.62, "y": 4.29 },
					{ "time": 0.3, "x": -3.84, "y": 3.84 },
					{ "time": 0.5, "x": -0.62, "y": 4.29 },
					{ "time": 0.7667, "x": -3.84, "y": 3.84 },
					{ "time": 1.1, "x": -0.62, "y": 4.29 },
					{ "time": 1.4, "x": -3.84, "y": 3.84 },
					{ "time": 1.7, "x": -0.62, "y": 4.29 }
				]
			},
			"leg1_R": {
				"rotate": [
					{ "curve": "stepped" },
					{ "time": 0.3, "curve": "stepped" },
					{ "time": 0.5, "curve": "stepped" },
					{ "time": 0.7667, "curve": "stepped" },
					{ "time": 1.1, "curve": "stepped" },
					{ "time": 1.4, "curve": "stepped" },
					{ "time": 1.7 }
				],
				"translate": [
					{ "x": 1.85, "y": 0.48, "curve": "stepped" },
					{ "time": 0.3, "x": 1.85, "y": 0.48, "curve": "stepped" },
					{ "time": 0.5, "x": 1.85, "y": 0.48, "curve": "stepped" },
					{ "time": 0.7667, "x": 1.85, "y": 0.48, "curve": "stepped" },
					{ "time": 1.1, "x": 1.85, "y": 0.48, "curve": "stepped" },
					{ "time": 1.4, "x": 1.85, "y": 0.48, "curve": "stepped" },
					{ "time": 1.7, "x": 1.85, "y": 0.48 }
				]
			},
			"head": {
				"rotate": [
					{ "angle": 4.74, "curve": "stepped" },
					{ "time": 0.3, "angle": 4.74, "curve": "stepped" },
					{ "time": 0.5, "angle": 4.74, "curve": "stepped" },
					{ "time": 0.7667, "angle": 4.74, "curve": "stepped" },
					{ "time": 1.1, "angle": 4.74, "curve": "stepped" },
					{ "time": 1.4, "angle": 4.74, "curve": "stepped" },
					{ "time": 1.7, "angle": 4.74 }
				],
				"translate": [
					{ "x": -28.12, "y": 6.8 },
					{ "time": 0.3, "x": -28.91, "y": 5.69 },
					{ "time": 0.5, "x": -28.12, "y": 6.8 },
					{ "time": 0.7667, "x": -28.91, "y": 5.69 },
					{ "time": 1.1, "x": -28.12, "y": 6.8 },
					{ "time": 1.4, "x": -28.91, "y": 5.69 },
					{ "time": 1.7, "x": -28.12, "y": 6.8 }
				]
			},
			"arm1_L": {
				"rotate": [
					{ "angle": -21.35 },
					{ "time": 0.3, "angle": -22.46, "curve": "stepped" },
					{ "time": 0.5, "angle": -22.46, "curve": "stepped" },
					{ "time": 0.7667, "angle": -22.46 },
					{ "time": 1.1, "angle": -21.35 },
					{ "time": 1.4, "angle": -22.46 },
					{ "time": 1.7, "angle": -21.35 }
				],
				"translate": [
					{ "x": -12.69, "y": -0.04 },
					{ "time": 0.3, "x": -12.82, "y": -0.23, "curve": "stepped" },
					{ "time": 0.5, "x": -12.82, "y": -0.23, "curve": "stepped" },
					{ "time": 0.7667, "x": -12.82, "y": -0.23 },
					{ "time": 1.1, "x": -12.69, "y": -0.04 },
					{ "time": 1.4, "x": -12.82, "y": -0.23 },
					{ "time": 1.7, "x": -12.69, "y": -0.04 }
				]
			},
			"arm2_L": {
				"rotate": [
					{ "angle": -4.64 },
					{ "time": 0.3, "angle": -26.74, "curve": "stepped" },
					{ "time": 0.5, "angle": -26.74, "curve": "stepped" },
					{ "time": 0.7667, "angle": -26.74 },
					{ "time": 1.1, "angle": -4.64, "curve": "stepped" },
					{ "time": 1.4, "angle": -4.64, "curve": "stepped" },
					{ "time": 1.7, "angle": -4.64 }
				],
				"translate": [
					{ "x": 0.61, "y": -3.11 },
					{ "time": 0.3, "x": -0.31, "y": -0.68, "curve": "stepped" },
					{ "time": 0.5, "x": -0.31, "y": -0.68, "curve": "stepped" },
					{ "time": 0.7667, "x": -0.31, "y": -0.68 },
					{ "time": 1.1, "x": 0.61, "y": -3.11, "curve": "stepped" },
					{ "time": 1.4, "x": 0.61, "y": -3.11, "curve": "stepped" },
					{ "time": 1.7, "x": 0.61, "y": -3.11 }
				]
			},
			"arm3_L": {
				"rotate": [
					{ "angle": 1.57 },
					{ "time": 0.3, "angle": -11.53, "curve": "stepped" },
					{ "time": 0.5, "angle": -11.53, "curve": "stepped" },
					{ "time": 0.7667, "angle": -11.53 },
					{ "time": 1.1, "angle": 1.57 },
					{ "time": 1.4, "angle": 0.64 },
					{ "time": 1.5667, "angle": -3.98 },
					{ "time": 1.7, "angle": 1.57 }
				],
				"translate": [
					{ "x": -5.28, "y": 0.97, "curve": "stepped" },
					{ "time": 0.3, "x": -5.28, "y": 0.97, "curve": "stepped" },
					{ "time": 0.5, "x": -5.28, "y": 0.97, "curve": "stepped" },
					{ "time": 0.7667, "x": -5.28, "y": 0.97, "curve": "stepped" },
					{ "time": 1.1, "x": -5.28, "y": 0.97 },
					{ "time": 1.2333, "x": -0.67, "y": 3.92 },
					{ "time": 1.4, "x": -5.28, "y": 0.97, "curve": "stepped" },
					{ "time": 1.7, "x": -5.28, "y": 0.97 }
				]
			},
			"gun": {
				"rotate": [
					{ "angle": -335.59, "curve": "stepped" },
					{ "time": 0.5, "angle": -335.59, "curve": "stepped" },
					{ "time": 1.1, "angle": -335.59 },
					{ "time": 1.2333, "angle": 22.84 },
					{ "time": 1.4, "angle": 24.41 },
					{ "time": 1.7, "angle": -335.59 }
				],
				"translate": [
					{ "x": 1.75, "y": 3.01, "curve": "stepped" },
					{ "time": 0.5, "x": 1.75, "y": 3.01, "curve": "stepped" },
					{ "time": 1.1, "x": 1.75, "y": 3.01, "curve": "stepped" },
					{ "time": 1.4, "x": 1.75, "y": 3.01, "curve": "stepped" },
					{ "time": 1.7, "x": 1.75, "y": 3.01 }
				]
			},
			"arm1_R": {
				"rotate": [
					{ "angle": 11.48 },
					{ "time": 0.3, "angle": -7.79 },
					{ "time": 0.5, "angle": 22.66 },
					{ "time": 0.7667, "angle": -12.71 },
					{ "time": 1.1, "angle": 11.48, "curve": "stepped" },
					{ "time": 1.7, "angle": 11.48 }
				],
				"translate": [
					{ "x": -15.27, "y": 3.86 },
					{ "time": 0.3, "x": -5.93, "y": -3.88 },
					{ "time": 0.5, "x": -17.48, "y": 4.36 },
					{ "time": 0.7667, "x": -11.5, "y": 0.38 },
					{ "time": 1.1, "x": -15.27, "y": 3.86 },
					{ "time": 1.4, "x": -15.41, "y": 3.86 },
					{ "time": 1.7, "x": -15.27, "y": 3.86 }
				]
			},
			"arm3_R": {
				"rotate": [
					{ "angle": 6.26, "curve": "stepped" },
					{ "time": 0.5, "angle": 6.26 },
					{ "time": 0.7667, "angle": -14.52 },
					{ "time": 1.1, "angle": 6.26, "curve": "stepped" },
					{ "time": 1.2333, "angle": 6.26, "curve": "stepped" },
					{ "time": 1.4, "angle": 6.26, "curve": "stepped" },
					{ "time": 1.7, "angle": 6.26 }
				],
				"translate": [
					{ "x": 1.92, "y": -0.03 },
					{ "time": 0.5, "x": -4.27, "y": 0.44 },
					{ "time": 1.1, "x": 1.92, "y": -0.03 },
					{ "time": 1.2333, "x": 5.41, "y": 1.16 },
					{ "time": 1.4, "x": 1.92, "y": -0.03, "curve": "stepped" },
					{ "time": 1.7, "x": 1.92, "y": -0.03 }
				]
			},
			"arm2_R": {
				"rotate": [
					{ "angle": -32.04 },
					{ "time": 0.1667, "angle": -46.71 },
					{ "time": 0.3, "angle": -8.35 },
					{ "time": 0.5, "angle": -12.81 },
					{ "time": 0.7667, "angle": -8.35 },
					{ "time": 1.1, "angle": -32.04 },
					{ "time": 1.4, "angle": -35.34 },
					{ "time": 1.5667, "angle": -36.94 },
					{ "time": 1.7, "angle": -32.04 }
				],
				"translate": [
					{ "x": 0.04, "y": 0.92 },
					{ "time": 0.1667, "x": -6.2, "y": 5.23 },
					{ "time": 0.3, "x": -9.09, "y": -0.68 },
					{ "time": 0.5, "x": -6.77, "y": 0.34 },
					{ "time": 0.7667, "x": -9.09, "y": -0.68 },
					{ "time": 1.1, "x": 0.04, "y": 0.92, "curve": "stepped" },
					{ "time": 1.4, "x": 0.04, "y": 0.92, "curve": "stepped" },
					{ "time": 1.7, "x": 0.04, "y": 0.92 }
				]
			},
			"foot_L": {
				"rotate": [
					{ "curve": "stepped" },
					{ "time": 0.3, "curve": "stepped" },
					{ "time": 0.5, "curve": "stepped" },
					{ "time": 0.7667, "curve": "stepped" },
					{ "time": 1.1, "curve": "stepped" },
					{ "time": 1.4, "curve": "stepped" },
					{ "time": 1.7 }
				],
				"translate": [
					{ "x": -0.67, "y": 5.93, "curve": "stepped" },
					{ "time": 0.3, "x": -0.67, "y": 5.93, "curve": "stepped" },
					{ "time": 0.5, "x": -0.67, "y": 5.93, "curve": "stepped" },
					{ "time": 0.7667, "x": -0.67, "y": 5.93, "curve": "stepped" },
					{ "time": 1.1, "x": -0.67, "y": 5.93, "curve": "stepped" },
					{ "time": 1.4, "x": -0.67, "y": 5.93, "curve": "stepped" },
					{ "time": 1.7, "x": -0.67, "y": 5.93 }
				]
			},
			"foot_R": {
				"rotate": [
					{ "curve": "stepped" },
					{ "time": 0.3, "curve": "stepped" },
					{ "time": 0.5, "curve": "stepped" },
					{ "time": 0.7667, "curve": "stepped" },
					{ "time": 1.1, "curve": "stepped" },
					{ "time": 1.4, "curve": "stepped" },
					{ "time": 1.7 }
				],
				"translate": [
					{ "x": -2.32, "y": -1.52, "curve": "stepped" },
					{ "time": 0.3, "x": -2.32, "y": -1.52, "curve": "stepped" },
					{ "time": 0.5, "x": -2.32, "y": -1.52, "curve": "stepped" },
					{ "time": 0.7667, "x": -2.32, "y": -1.52, "curve": "stepped" },
					{ "time": 1.1, "x": -2.32, "y": -1.52, "curve": "stepped" },
					{ "time": 1.4, "x": -2.32, "y": -1.52, "curve": "stepped" },
					{ "time": 1.7, "x": -2.32, "y": -1.52 }
				]
			},
			"leg2_L": {
				"rotate": [
					{ "curve": "stepped" },
					{ "time": 0.3, "curve": "stepped" },
					{ "time": 0.5, "curve": "stepped" },
					{ "time": 0.7667, "curve": "stepped" },
					{ "time": 1.1, "curve": "stepped" },
					{ "time": 1.4, "curve": "stepped" },
					{ "time": 1.7 }
				],
				"translate": [
					{ "curve": "stepped" },
					{ "time": 0.3, "curve": "stepped" },
					{ "time": 0.5, "curve": "stepped" },
					{ "time": 0.7667, "curve": "stepped" },
					{ "time": 1.1, "curve": "stepped" },
					{ "time": 1.4, "curve": "stepped" },
					{ "time": 1.7 }
				]
			},
			"leg2_R": {
				"rotate": [
					{ "curve": "stepped" },
					{ "time": 0.3, "curve": "stepped" },
					{ "time": 0.5, "curve": "stepped" },
					{ "time": 0.7667, "curve": "stepped" },
					{ "time": 1.1, "curve": "stepped" },
					{ "time": 1.4, "curve": "stepped" },
					{ "time": 1.7 }
				],
				"translate": [
					{ "curve": "stepped" },
					{ "time": 0.3, "curve": "stepped" },
					{ "time": 0.5, "curve": "stepped" },
					{ "time": 0.7667, "curve": "stepped" },
					{ "time": 1.1, "curve": "stepped" },
					{ "time": 1.4, "curve": "stepped" },
					{ "time": 1.7 }
				]
			},
			"leg3_L": {
				"rotate": [
					{ "angle": 89.52, "curve": "stepped" },
					{ "time": 0.3, "angle": 89.52, "curve": "stepped" },
					{ "time": 0.5, "angle": 89.52, "curve": "stepped" },
					{ "time": 0.7667, "angle": 89.52, "curve": "stepped" },
					{ "time": 1.1, "angle": 89.52, "curve": "stepped" },
					{ "time": 1.4, "angle": 89.52, "curve": "stepped" },
					{ "time": 1.7, "angle": 89.52 }
				],
				"translate": [
					{ "x": 0.32, "y": -1.17, "curve": "stepped" },
					{ "time": 0.3, "x": 0.32, "y": -1.17, "curve": "stepped" },
					{ "time": 0.5, "x": 0.32, "y": -1.17, "curve": "stepped" },
					{ "time": 0.7667, "x": 0.32, "y": -1.17, "curve": "stepped" },
					{ "time": 1.1, "x": 0.32, "y": -1.17, "curve": "stepped" },
					{ "time": 1.4, "x": 0.32, "y": -1.17, "curve": "stepped" },
					{ "time": 1.7, "x": 0.32, "y": -1.17 }
				]
			},
			"leg3_R": {
				"rotate": [
					{ "angle": 8.7, "curve": "stepped" },
					{ "time": 0.3, "angle": 8.7, "curve": "stepped" },
					{ "time": 0.5, "angle": 8.7, "curve": "stepped" },
					{ "time": 0.7667, "angle": 8.7, "curve": "stepped" },
					{ "time": 1.1, "angle": 8.7, "curve": "stepped" },
					{ "time": 1.4, "angle": 8.7, "curve": "stepped" },
					{ "time": 1.7, "angle": 8.7 }
				],
				"translate": [
					{ "curve": "stepped" },
					{ "time": 0.3, "curve": "stepped" },
					{ "time": 0.5, "curve": "stepped" },
					{ "time": 0.7667, "curve": "stepped" },
					{ "time": 1.1, "curve": "stepped" },
					{ "time": 1.4, "curve": "stepped" },
					{ "time": 1.7 }
				]
			}
		},
		"drawOrder": [
			{
				"offsets": [
					{ "slot": "leg1_L", "offset": 9 },
					{ "slot": "leg2_L", "offset": 9 },
					{ "slot": "leg3_L", "offset": 9 }
				]
			},
			{
				"time": 1.7,
				"offsets": [
					{ "slot": "leg1_L", "offset": 9 },
					{ "slot": "leg2_L", "offset": 9 },
					{ "slot": "leg3_L", "offset": 9 }
				]
			}
		]
	},
	"run": {
		"slots": {
			"gunanfas": {
				"attachment": [
					{ "name": null },
					{ "time": 0.6667, "name": null }
				]
			}
		},
		"bones": {
			"body": {
				"rotate": [
					{ "angle": 14.66 },
					{ "time": 0.1, "angle": 15.5 },
					{ "time": 0.1667, "angle": 16.06 },
					{ "time": 0.2667, "angle": 15.78 },
					{ "time": 0.3333, "angle": 15.59 },
					{ "time": 0.4333, "angle": 15.31 },
					{ "time": 0.5, "angle": 15.12 },
					{ "time": 0.6, "angle": 14.84 },
					{ "time": 0.6667, "angle": 14.66 }
				],
				"translate": [
					{ "x": -1.38, "y": -2.47 },
					{ "time": 0.1, "x": -1.61, "y": -7.79 },
					{ "time": 0.1667, "x": -0.92, "y": -2.34 },
					{ "time": 0.2667, "x": -0.5, "y": 2.84 },
					{ "time": 0.3333, "x": -0.99, "y": -5.56 },
					{ "time": 0.4333, "x": -0.3, "y": -11.06 },
					{ "time": 0.5, "x": -0.57, "y": -4.78 },
					{ "time": 0.6, "x": -0.57, "y": -0.39 },
					{ "time": 0.6667, "x": -1.38, "y": -2.47 }
				]
			},
			"foot_L": {
				"rotate": [
					{ "curve": "stepped" },
					{ "time": 0.1, "curve": "stepped" },
					{ "time": 0.1667, "curve": "stepped" },
					{ "time": 0.2667, "curve": "stepped" },
					{ "time": 0.3333, "curve": "stepped" },
					{ "time": 0.4333, "curve": "stepped" },
					{ "time": 0.5, "curve": "stepped" },
					{ "time": 0.6, "curve": "stepped" },
					{ "time": 0.6667 }
				],
				"translate": [
					{ "x": 16.06, "y": 17.39 },
					{ "time": 0.1, "x": 11.2, "y": 32.87 },
					{ "time": 0.1667, "x": -13.8, "y": 22.16 },
					{ "time": 0.2667, "x": -48.63, "y": 9.85 },
					{ "time": 0.3333, "x": -55.13, "y": -1.44 },
					{ "time": 0.4333, "x": -28.56, "y": -2.59 },
					{ "time": 0.5, "x": 0.39, "y": -2.59 },
					{ "time": 0.6, "x": 13.08, "y": 7.17 },
					{ "time": 0.6667, "x": 16.06, "y": 17.39 }
				]
			},
			"leg1_L": {
				"rotate": [
					{ "curve": "stepped" },
					{ "time": 0.1, "curve": "stepped" },
					{ "time": 0.1667, "curve": "stepped" },
					{ "time": 0.2667, "curve": "stepped" },
					{ "time": 0.3333, "curve": "stepped" },
					{ "time": 0.4333, "curve": "stepped" },
					{ "time": 0.5, "curve": "stepped" },
					{ "time": 0.6, "curve": "stepped" },
					{ "time": 0.6667 }
				],
				"translate": [
					{ "x": -5.99, "y": 3.14 },
					{ "time": 0.1, "x": -2.57, "y": 2.82 },
					{ "time": 0.1667, "x": -6.88, "y": 10.57 },
					{ "time": 0.2667, "x": -7.67, "y": 16.9 },
					{ "time": 0.3333, "x": -6.17, "y": 16.8 },
					{ "time": 0.4333, "x": -5.36, "y": 16.73 },
					{ "time": 0.5, "x": -4.51, "y": 5.12 },
					{ "time": 0.6, "x": -6.29, "y": 4.36 },
					{ "time": 0.6667, "x": -5.99, "y": 3.14 }
				]
			},
			"leg3_L": {
				"rotate": [
					{ "angle": 67.61 },
					{ "time": 0.1, "angle": 114.6 },
					{ "time": 0.1667, "angle": 93.83 },
					{ "time": 0.2667, "angle": 15.98 },
					{ "time": 0.3333, "angle": -39.4 },
					{ "time": 0.4333, "angle": -0.07 },
					{ "time": 0.5, "angle": 0.14 },
					{ "time": 0.6, "angle": 68.57 },
					{ "time": 0.6667, "angle": 67.61 }
				],
				"translate": [
					{ "x": -2.67, "y": -3.08 },
					{ "time": 0.1, "x": 0.96, "y": -4.45 },
					{ "time": 0.1667, "x": -2.74, "y": -0.52 },
					{ "time": 0.2667, "x": -0.05, "y": -0.67 },
					{ "time": 0.3333, "x": 0.15, "y": 1.58 },
					{ "time": 0.4333, "x": -2.62, "y": 0.81 },
					{ "time": 0.5, "x": -2.34, "y": 1.72 },
					{ "time": 0.6, "x": -2.16, "y": -0.16 },
					{ "time": 0.6667, "x": -2.67, "y": -3.08 }
				]
			},
			"head": {
				"rotate": [
					{ "angle": -6.49 },
					{ "time": 0.1, "angle": -8.32 },
					{ "time": 0.1667, "angle": -9.54 },
					{ "time": 0.2667, "angle": -10.51 },
					{ "time": 0.3333, "angle": -9.84 },
					{ "time": 0.4333, "angle": -8.84 },
					{ "time": 0.5, "angle": -8.17 },
					{ "time": 0.6, "angle": -7.16 },
					{ "time": 0.6667, "angle": -6.49 }
				],
				"translate": [
					{ "x": -2.39, "y": 0.57 },
					{ "time": 0.1, "x": -3.1, "y": -0.45 },
					{ "time": 0.1667, "x": -2.88, "y": -0.51 },
					{ "time": 0.2667, "x": -1.13, "y": -0.09 },
					{ "time": 0.3333, "x": -3.61, "y": -0.21 },
					{ "time": 0.4333, "x": -3.33, "y": -0.45 },
					{ "time": 0.5, "x": -3.15, "y": -0.61 },
					{ "time": 0.6, "x": -2.69, "y": 0.1 },
					{ "time": 0.6667, "x": -2.39, "y": 0.57 }
				]
			},
			"foot_R": {
				"rotate": [
					{ "curve": "stepped" },
					{ "time": 0.1, "curve": "stepped" },
					{ "time": 0.1667, "curve": "stepped" },
					{ "time": 0.2667, "curve": "stepped" },
					{ "time": 0.3333, "curve": "stepped" },
					{ "time": 0.4333, "curve": "stepped" },
					{ "time": 0.5, "curve": "stepped" },
					{ "time": 0.6, "curve": "stepped" },
					{ "time": 0.6667 }
				],
				"translate": [
					{ "x": -9.58, "y": -1.21 },
					{ "time": 0.1, "x": 22.85, "y": 3.43 },
					{ "time": 0.1667, "x": 50.29, "y": 0.25 },
					{ "time": 0.2667, "x": 57.94, "y": 7.62 },
					{ "time": 0.3333, "x": 73.02, "y": 14.28 },
					{ "time": 0.4333, "x": 67.7, "y": 25.62 },
					{ "time": 0.5, "x": 57.25, "y": 26.74 },
					{ "time": 0.6, "x": 22.25, "y": 15.62 },
					{ "time": 0.6667, "x": -9.58, "y": -1.21 }
				]
			},
			"leg3_R": {
				"rotate": [
					{ "angle": -18.94 },
					{ "time": 0.1, "angle": -0.24 },
					{ "time": 0.1667, "angle": 1.13 },
					{ "time": 0.2667, "angle": 50.53 },
					{ "time": 0.3333, "angle": 79.06 },
					{ "time": 0.4333, "angle": 93.95 },
					{ "time": 0.5, "angle": 90.01 },
					{ "time": 0.6, "angle": 43.07 },
					{ "time": 0.6667, "angle": -18.94 }
				],
				"translate": [
					{ "x": -2.23, "y": 1.43 },
					{ "time": 0.1, "x": -2.18, "y": -2.21 },
					{ "time": 0.1667, "x": -3.14, "y": 1.07 },
					{ "time": 0.2667, "x": -1.44, "y": -0.78 },
					{ "time": 0.3333, "x": -2.74, "y": -3.25 },
					{ "time": 0.4333, "x": -2.76, "y": -4.05 },
					{ "time": 0.5, "x": -1.4, "y": -3.42 },
					{ "time": 0.6, "x": -2.69, "y": -2.51 },
					{ "time": 0.6667, "x": -2.23, "y": 1.43 }
				]
			},
			"leg1_R": {
				"rotate": [
					{ "curve": "stepped" },
					{ "time": 0.1, "curve": "stepped" },
					{ "time": 0.1667, "curve": "stepped" },
					{ "time": 0.2667, "curve": "stepped" },
					{ "time": 0.3333, "curve": "stepped" },
					{ "time": 0.4333, "curve": "stepped" },
					{ "time": 0.5, "curve": "stepped" },
					{ "time": 0.6, "curve": "stepped" },
					{ "time": 0.6667 }
				],
				"translate": [
					{ "x": 0.15, "y": 4.9 },
					{ "time": 0.1, "x": 0.26, "y": 3 },
					{ "time": 0.1667, "x": -1.65, "y": -5.42 },
					{ "time": 0.2667, "x": -3.53, "y": -7.82 },
					{ "time": 0.3333, "x": -1.44, "y": -12.23 },
					{ "time": 0.4333, "x": -3.11, "y": -9.38 },
					{ "time": 0.5, "x": -1.29, "y": -4.18 },
					{ "time": 0.6, "x": -1.32, "y": 3.72 },
					{ "time": 0.6667, "x": 0.15, "y": 4.9 }
				]
			},
			"arm1_L": {
				"rotate": [
					{ "angle": -25.33 },
					{ "time": 0.1, "angle": -41.54 },
					{ "time": 0.1667, "angle": -64.82 },
					{ "time": 0.2667, "angle": -34.82 },
					{ "time": 0.3333, "angle": -23.11 },
					{ "time": 0.4333, "angle": -7.33 },
					{ "time": 0.5, "angle": 9.61 },
					{ "time": 0.6, "angle": -5.06 },
					{ "time": 0.6667, "angle": -25.33 }
				],
				"translate": [
					{ "x": -6.29, "y": 1.5 },
					{ "time": 0.1, "x": -5.78, "y": 4.86 },
					{ "time": 0.1667, "x": -5.38, "y": 3.48 },
					{ "time": 0.2667, "x": -5.87, "y": 3.19 },
					{ "time": 0.3333, "x": -7.67, "y": 1.25 },
					{ "time": 0.4333, "x": -3.89, "y": 0.85 },
					{ "time": 0.5, "x": -2.46, "y": 0.11 },
					{ "time": 0.6, "x": -3.8, "y": 0.22 },
					{ "time": 0.6667, "x": -6.29, "y": 1.5 }
				]
			},
			"gun": {
				"rotate": [
					{ "angle": 1.35 },
					{ "time": 0.1, "angle": -4.18 },
					{ "time": 0.1667, "angle": 11.97 },
					{ "time": 0.2667, "angle": 7.58 },
					{ "time": 0.3333, "angle": 13.15 },
					{ "time": 0.4333, "angle": 15.26 },
					{ "time": 0.5, "angle": 3.13 },
					{ "time": 0.6, "angle": 4.04 },
					{ "time": 0.6667, "angle": 1.35 }
				],
				"translate": [
					{ "x": -0.17, "y": 1.88 },
					{ "time": 0.1, "x": -3.65, "y": 1.64 },
					{ "time": 0.1667, "x": -2.54, "y": 2.2 },
					{ "time": 0.2667, "x": 1.91, "y": 3.06 },
					{ "time": 0.3333, "x": -1.99, "y": 2.18 },
					{ "time": 0.4333, "x": 1.4, "y": 2.68 },
					{ "time": 0.5, "x": 0.7, "y": -0.34 },
					{ "time": 0.6, "x": -0.3, "y": -0.17 },
					{ "time": 0.6667, "x": -0.17, "y": 1.88 }
				]
			},
			"arm2_L": {
				"rotate": [
					{},
					{ "time": 0.1, "angle": -2.21 },
					{ "time": 0.1667, "angle": -3.68 },
					{ "time": 0.2667, "angle": -13.15 },
					{ "time": 0.3333, "angle": -7.36 },
					{ "time": 0.4333, "angle": -16.68 },
					{ "time": 0.5, "angle": -16.66 },
					{ "time": 0.6, "angle": -10.44 },
					{ "time": 0.6667 }
				],
				"translate": [
					{ "x": -0.44, "y": -0.78 },
					{ "time": 0.1, "x": 1.82, "y": -1.02 },
					{ "time": 0.1667, "x": 6.68, "y": -1.3 },
					{ "time": 0.2667, "x": 0.91, "y": -0.05 },
					{ "time": 0.3333, "x": 0.72, "y": -0.78 },
					{ "time": 0.4333, "x": 0.37, "y": -1.11 },
					{ "time": 0.5, "x": 1.23, "y": 0.07 },
					{ "time": 0.6, "x": 1.1, "y": -2.34 },
					{ "time": 0.6667, "x": -0.44, "y": -0.78 }
				]
			},
			"arm1_R": {
				"rotate": [
					{ "angle": -20.35 },
					{ "time": 0.1, "angle": -29.83 },
					{ "time": 0.1667, "angle": -33.35 },
					{ "time": 0.2667, "angle": -29.21 },
					{ "time": 0.3333, "angle": -19.36 },
					{ "time": 0.4333, "angle": -11.69 },
					{ "time": 0.5, "angle": -0.22 },
					{ "time": 0.6, "angle": -8.06 },
					{ "time": 0.6667, "angle": -20.35 }
				],
				"translate": [
					{ "x": -1.78, "y": 4.09 },
					{ "time": 0.1, "x": 2.09, "y": -0.97 },
					{ "time": 0.1667, "x": 2.44, "y": 0.28 },
					{ "time": 0.2667, "x": 1.35, "y": -1.38 },
					{ "time": 0.3333, "x": -2.94, "y": 3.16 },
					{ "time": 0.4333, "x": -0.75, "y": -0.64 },
					{ "time": 0.5, "x": -0.61, "y": -4.53 },
					{ "time": 0.6, "x": -1.49, "y": -0.13 },
					{ "time": 0.6667, "x": -1.78, "y": 4.09 }
				]
			},
			"arm3_R": {
				"rotate": [
					{ "angle": 8.62, "curve": "stepped" },
					{ "time": 0.1, "angle": 8.62, "curve": "stepped" },
					{ "time": 0.1667, "angle": 8.62 },
					{ "time": 0.2667, "angle": 4.2 },
					{ "time": 0.3333, "angle": 4.94 },
					{ "time": 0.4333, "angle": 6.04 },
					{ "time": 0.5, "angle": 6.78 },
					{ "time": 0.6, "angle": 7.88 },
					{ "time": 0.6667, "angle": 8.62 }
				],
				"translate": [
					{ "x": -2.4, "y": 4.89 },
					{ "time": 0.1, "x": 1.73, "y": 0.02 },
					{ "time": 0.1667, "x": 2.62, "y": 0.6 },
					{ "time": 0.2667, "x": 3.23, "y": 1.39 },
					{ "time": 0.3333, "x": 2.29, "y": 1.97 },
					{ "time": 0.4333, "x": 0.88, "y": 1.28 },
					{ "time": 0.5, "x": -1.42, "y": -0.21 },
					{ "time": 0.6, "x": -1.29, "y": 0.45 },
					{ "time": 0.6667, "x": -2.4, "y": 4.89 }
				]
			},
			"arm2_R": {
				"rotate": [
					{ "angle": -12.59 },
					{ "time": 0.1, "angle": -19.61 },
					{ "time": 0.1667, "angle": -39.34 },
					{ "time": 0.2667, "angle": -28.37 },
					{ "time": 0.3333, "angle": -3.73 },
					{ "time": 0.4333, "angle": -4.69 },
					{ "time": 0.5, "angle": -13.27 },
					{ "time": 0.6, "angle": -13.35 },
					{ "time": 0.6667, "angle": -12.59 }
				],
				"translate": [
					{ "x": -1.24, "y": 0.83 },
					{ "time": 0.1, "x": -1.79, "y": 0.77 },
					{ "time": 0.1667, "x": 2.62, "y": 1.58 },
					{ "time": 0.2667, "x": 1.49, "y": 2.06 },
					{ "time": 0.3333, "x": -3.05, "y": 0.62 },
					{ "time": 0.4333, "x": -3.6, "y": 0.55 },
					{ "time": 0.5, "x": -3.98, "y": 0.95 },
					{ "time": 0.6, "x": -2.01, "y": 0.95 },
					{ "time": 0.6667, "x": -1.24, "y": 0.83 }
				]
			},
			"arm3_L": {
				"rotate": [
					{},
					{ "time": 0.1, "angle": -0.06 },
					{ "time": 0.1667, "angle": -0.1 },
					{ "time": 0.2667, "angle": -2.64 },
					{ "time": 0.3333, "angle": -4.34 },
					{ "time": 0.4333, "angle": -6.88 },
					{ "time": 0.5, "angle": -6.61 },
					{ "time": 0.6, "angle": -3.43 },
					{ "time": 0.6667 }
				],
				"translate": [
					{},
					{ "time": 0.1, "x": 2.58, "y": 1.95 },
					{ "time": 0.1667, "x": 1.66, "y": 2.77 },
					{ "time": 0.2667, "x": 2.99, "y": 2.73 },
					{ "time": 0.3333, "x": 3.22, "y": 2.39 },
					{ "time": 0.4333, "x": -0.62, "y": 2.03 },
					{ "time": 0.5, "x": -1.46, "y": 0.67 },
					{ "time": 0.6, "x": 0.21, "y": 0.41 },
					{ "time": 0.6667 }
				]
			},
			"leg2_L": {
				"rotate": [
					{ "curve": "stepped" },
					{ "time": 0.1, "curve": "stepped" },
					{ "time": 0.1667, "curve": "stepped" },
					{ "time": 0.2667, "curve": "stepped" },
					{ "time": 0.3333, "curve": "stepped" },
					{ "time": 0.4333, "curve": "stepped" },
					{ "time": 0.5, "curve": "stepped" },
					{ "time": 0.6, "curve": "stepped" },
					{ "time": 0.6667 }
				],
				"translate": [
					{ "curve": "stepped" },
					{ "time": 0.1, "curve": "stepped" },
					{ "time": 0.1667, "curve": "stepped" },
					{ "time": 0.2667, "curve": "stepped" },
					{ "time": 0.3333, "curve": "stepped" },
					{ "time": 0.4333, "curve": "stepped" },
					{ "time": 0.5, "curve": "stepped" },
					{ "time": 0.6, "curve": "stepped" },
					{ "time": 0.6667 }
				]
			},
			"leg2_R": {
				"rotate": [
					{ "curve": "stepped" },
					{ "time": 0.1, "curve": "stepped" },
					{ "time": 0.1667, "curve": "stepped" },
					{ "time": 0.2667, "curve": "stepped" },
					{ "time": 0.3333, "curve": "stepped" },
					{ "time": 0.4333, "curve": "stepped" },
					{ "time": 0.5, "curve": "stepped" },
					{ "time": 0.6, "curve": "stepped" },
					{ "time": 0.6667 }
				],
				"translate": [
					{ "curve": "stepped" },
					{ "time": 0.1, "curve": "stepped" },
					{ "time": 0.1667, "curve": "stepped" },
					{ "time": 0.2667, "curve": "stepped" },
					{ "time": 0.3333, "curve": "stepped" },
					{ "time": 0.4333, "curve": "stepped" },
					{ "time": 0.5, "curve": "stepped" },
					{ "time": 0.6, "curve": "stepped" },
					{ "time": 0.6667 }
				]
			}
		}
	},
	"sit": {
		"slots": {
			"gunanfas": {
				"attachment": [
					{ "name": null },
					{ "time": 0.4667, "name": null }
				]
			}
		},
		"bones": {
			"body": {
				"rotate": [
					{ "curve": "stepped" },
					{ "time": 0.2333, "curve": "stepped" },
					{ "time": 0.4667 }
				],
				"translate": [
					{ "x": -2.77, "y": -30.47 },
					{ "time": 0.2333, "x": -2.7, "y": -27.23 },
					{ "time": 0.4667, "x": -2.77, "y": -30.47 }
				]
			},
			"leg1_L": {
				"rotate": [
					{ "curve": "stepped" },
					{ "time": 0.2333, "curve": "stepped" },
					{ "time": 0.4667 }
				],
				"translate": [
					{ "x": -0.62, "y": 4.29 },
					{ "time": 0.2333, "x": -3.84, "y": 3.84 },
					{ "time": 0.4667, "x": -0.62, "y": 4.29 }
				]
			},
			"leg1_R": {
				"rotate": [
					{ "curve": "stepped" },
					{ "time": 0.2333, "curve": "stepped" },
					{ "time": 0.4667 }
				],
				"translate": [
					{ "x": 1.85, "y": 0.48, "curve": "stepped" },
					{ "time": 0.2333, "x": 1.85, "y": 0.48, "curve": "stepped" },
					{ "time": 0.4667, "x": 1.85, "y": 0.48 }
				]
			},
			"head": {
				"rotate": [
					{ "angle": 4.74, "curve": "stepped" },
					{ "time": 0.2333, "angle": 4.74, "curve": "stepped" },
					{ "time": 0.4667, "angle": 4.74 }
				],
				"translate": [
					{ "x": -28.12, "y": 6.8 },
					{ "time": 0.2333, "x": -28.91, "y": 5.69 },
					{ "time": 0.4667, "x": -28.12, "y": 6.8 }
				]
			},
			"arm1_L": {
				"rotate": [
					{ "angle": -21.35 },
					{ "time": 0.2333, "angle": -22.46 },
					{ "time": 0.4667, "angle": -21.35 }
				],
				"translate": [
					{ "x": -12.69, "y": -0.04 },
					{ "time": 0.2333, "x": -12.82, "y": -0.23 },
					{ "time": 0.4667, "x": -12.69, "y": -0.04 }
				]
			},
			"arm2_L": {
				"rotate": [
					{ "angle": -4.64, "curve": "stepped" },
					{ "time": 0.2333, "angle": -4.64, "curve": "stepped" },
					{ "time": 0.4667, "angle": -4.64 }
				],
				"translate": [
					{ "x": 0.61, "y": -3.11, "curve": "stepped" },
					{ "time": 0.2333, "x": 0.61, "y": -3.11, "curve": "stepped" },
					{ "time": 0.4667, "x": 0.61, "y": -3.11 }
				]
			},
			"arm3_L": {
				"rotate": [
					{ "angle": 1.57 },
					{ "time": 0.2333, "angle": 0.64 },
					{ "time": 0.4667, "angle": 1.57 }
				],
				"translate": [
					{ "x": -5.28, "y": 0.97, "curve": "stepped" },
					{ "time": 0.2333, "x": -5.28, "y": 0.97, "curve": "stepped" },
					{ "time": 0.4667, "x": -5.28, "y": 0.97 }
				]
			},
			"gun": {
				"rotate": [
					{ "angle": -335.59, "curve": "stepped" },
					{ "time": 0.4667, "angle": -335.59 }
				],
				"translate": [
					{ "x": 1.75, "y": 3.01, "curve": "stepped" },
					{ "time": 0.4667, "x": 1.75, "y": 3.01 }
				]
			},
			"arm1_R": {
				"rotate": [
					{ "angle": 11.48, "curve": "stepped" },
					{ "time": 0.4667, "angle": 11.48 }
				],
				"translate": [
					{ "x": -15.27, "y": 3.86 },
					{ "time": 0.2333, "x": -15.41, "y": 3.86 },
					{ "time": 0.4667, "x": -15.27, "y": 3.86 }
				]
			},
			"arm3_R": {
				"rotate": [
					{ "angle": 6.26, "curve": "stepped" },
					{ "time": 0.4667, "angle": 6.26 }
				],
				"translate": [
					{ "x": 1.92, "y": -0.03, "curve": "stepped" },
					{ "time": 0.4667, "x": 1.92, "y": -0.03 }
				]
			},
			"arm2_R": {
				"rotate": [
					{ "angle": -32.04 },
					{ "time": 0.2333, "angle": -35.34 },
					{ "time": 0.4667, "angle": -32.04 }
				],
				"translate": [
					{ "x": 0.04, "y": 0.92, "curve": "stepped" },
					{ "time": 0.2333, "x": 0.04, "y": 0.92, "curve": "stepped" },
					{ "time": 0.4667, "x": 0.04, "y": 0.92 }
				]
			},
			"foot_L": {
				"rotate": [
					{ "curve": "stepped" },
					{ "time": 0.2333, "curve": "stepped" },
					{ "time": 0.4667 }
				],
				"translate": [
					{ "x": -0.67, "y": 5.93, "curve": "stepped" },
					{ "time": 0.2333, "x": -0.67, "y": 5.93, "curve": "stepped" },
					{ "time": 0.4667, "x": -0.67, "y": 5.93 }
				]
			},
			"foot_R": {
				"rotate": [
					{ "curve": "stepped" },
					{ "time": 0.2333, "curve": "stepped" },
					{ "time": 0.4667 }
				],
				"translate": [
					{ "x": -2.32, "y": -1.52, "curve": "stepped" },
					{ "time": 0.2333, "x": -2.32, "y": -1.52, "curve": "stepped" },
					{ "time": 0.4667, "x": -2.32, "y": -1.52 }
				]
			},
			"leg2_L": {
				"rotate": [
					{ "curve": "stepped" },
					{ "time": 0.2333, "curve": "stepped" },
					{ "time": 0.4667 }
				],
				"translate": [
					{ "curve": "stepped" },
					{ "time": 0.2333, "curve": "stepped" },
					{ "time": 0.4667 }
				]
			},
			"leg2_R": {
				"rotate": [
					{ "curve": "stepped" },
					{ "time": 0.2333, "curve": "stepped" },
					{ "time": 0.4667 }
				],
				"translate": [
					{ "curve": "stepped" },
					{ "time": 0.2333, "curve": "stepped" },
					{ "time": 0.4667 }
				]
			},
			"leg3_L": {
				"rotate": [
					{ "angle": 89.52, "curve": "stepped" },
					{ "time": 0.2333, "angle": 89.52, "curve": "stepped" },
					{ "time": 0.4667, "angle": 89.52 }
				],
				"translate": [
					{ "x": 0.32, "y": -1.17, "curve": "stepped" },
					{ "time": 0.2333, "x": 0.32, "y": -1.17, "curve": "stepped" },
					{ "time": 0.4667, "x": 0.32, "y": -1.17 }
				]
			},
			"leg3_R": {
				"rotate": [
					{ "angle": 8.7, "curve": "stepped" },
					{ "time": 0.2333, "angle": 8.7, "curve": "stepped" },
					{ "time": 0.4667, "angle": 8.7 }
				],
				"translate": [
					{ "curve": "stepped" },
					{ "time": 0.2333, "curve": "stepped" },
					{ "time": 0.4667 }
				]
			}
		},
		"drawOrder": [
			{
				"offsets": [
					{ "slot": "leg1_L", "offset": 9 },
					{ "slot": "leg2_L", "offset": 9 },
					{ "slot": "leg3_L", "offset": 9 }
				]
			},
			{
				"time": 0.4667,
				"offsets": [
					{ "slot": "leg1_L", "offset": 9 },
					{ "slot": "leg2_L", "offset": 9 },
					{ "slot": "leg3_L", "offset": 9 }
				]
			}
		]
	},
	"sitrun": {
		"slots": {
			"gunanfas": {
				"attachment": [
					{ "name": null },
					{ "time": 0.4667, "name": null }
				]
			}
		},
		"bones": {
			"body": {
				"rotate": [
					{ "angle": 7.24, "curve": "stepped" },
					{ "time": 0.4667, "angle": 7.24 }
				],
				"translate": [
					{ "x": -2.77, "y": -29.41 },
					{ "time": 0.0667, "x": -2.77, "y": -27.43 },
					{ "time": 0.1667, "x": -2.77, "y": -27.9 },
					{ "time": 0.2667, "x": -2.77, "y": -31.62 },
					{ "time": 0.3333, "x": -2.77, "y": -29.15 },
					{ "time": 0.4, "x": -2.77, "y": -28.05 },
					{ "time": 0.4667, "x": -2.77, "y": -29.41 }
				]
			},
			"leg1_L": {
				"rotate": [
					{ "curve": "stepped" },
					{ "time": 0.0667, "curve": "stepped" },
					{ "time": 0.1667, "curve": "stepped" },
					{ "time": 0.2667, "curve": "stepped" },
					{ "time": 0.3333, "curve": "stepped" },
					{ "time": 0.4, "curve": "stepped" },
					{ "time": 0.4667 }
				],
				"translate": [
					{ "x": 6.77, "y": 5.38 },
					{ "time": 0.0667, "x": 2.51, "y": 5.09 },
					{ "time": 0.1667, "x": -2.75, "y": 8.41 },
					{ "time": 0.2667, "x": -4.85, "y": 10.99 },
					{ "time": 0.3333, "x": -2.69, "y": 9.7 },
					{ "time": 0.4, "x": -1.26, "y": 7.61 },
					{ "time": 0.4667, "x": 6.77, "y": 5.38 }
				]
			},
			"leg1_R": {
				"rotate": [
					{ "curve": "stepped" },
					{ "time": 0.0667, "curve": "stepped" },
					{ "time": 0.1667, "curve": "stepped" },
					{ "time": 0.2667, "curve": "stepped" },
					{ "time": 0.3333, "curve": "stepped" },
					{ "time": 0.4, "curve": "stepped" },
					{ "time": 0.4667 }
				],
				"translate": [
					{ "x": 4.03, "y": 1.54 },
					{ "time": 0.0667, "x": 5.34, "y": -3.26 },
					{ "time": 0.1667, "x": 7.04, "y": -5.06 },
					{ "time": 0.2667, "x": 8.66, "y": -5.72 },
					{ "time": 0.3333, "x": 7.29, "y": -5.9 },
					{ "time": 0.4, "x": 6.63, "y": -5.2 },
					{ "time": 0.4667, "x": 4.03, "y": 1.54 }
				]
			},
			"head": {
				"rotate": [
					{ "angle": 7.21, "curve": "stepped" },
					{ "time": 0.0667, "angle": 7.21, "curve": "stepped" },
					{ "time": 0.1667, "angle": 7.21, "curve": "stepped" },
					{ "time": 0.2667, "angle": 7.21, "curve": "stepped" },
					{ "time": 0.3333, "angle": 7.21, "curve": "stepped" },
					{ "time": 0.4, "angle": 7.21, "curve": "stepped" },
					{ "time": 0.4667, "angle": 7.21 }
				],
				"translate": [
					{ "x": -28.28, "y": -0.66 },
					{ "time": 0.0667, "x": -30.9, "y": -1.08 },
					{ "time": 0.1667, "x": -33.3, "y": -1.34 },
					{ "time": 0.2667, "x": -30.76, "y": -1.11 },
					{ "time": 0.3333, "x": -32.83, "y": -0.95 },
					{ "time": 0.4, "x": -32.58, "y": -1.02 },
					{ "time": 0.4667, "x": -28.28, "y": -0.66 }
				]
			},
			"arm1_L": {
				"rotate": [
					{ "angle": -12.51 },
					{ "time": 0.2667, "angle": -7.49 },
					{ "time": 0.4667, "angle": -12.51 }
				],
				"translate": [
					{ "x": -14.34, "y": -3.79 },
					{ "time": 0.2667, "x": -15.96, "y": -4.06 },
					{ "time": 0.4667, "x": -14.34, "y": -3.79 }
				]
			},
			"arm2_L": {
				"rotate": [
					{ "angle": -15.3, "curve": "stepped" },
					{ "time": 0.4667, "angle": -15.3 }
				],
				"translate": [
					{ "x": -0.04, "y": -0.69, "curve": "stepped" },
					{ "time": 0.4667, "x": -0.04, "y": -0.69 }
				]
			},
			"arm3_L": {
				"rotate": [
					{ "angle": 3.17, "curve": "stepped" },
					{ "time": 0.4667, "angle": 3.17 }
				],
				"translate": [
					{ "x": -3.28, "y": 0.99, "curve": "stepped" },
					{ "time": 0.4667, "x": -3.28, "y": 0.99 }
				]
			},
			"gun": {
				"rotate": [
					{ "angle": 10.04, "curve": "stepped" },
					{ "time": 0.4667, "angle": 10.04 }
				],
				"translate": [
					{ "x": 10.63, "y": -1.34, "curve": "stepped" },
					{ "time": 0.4667, "x": 10.63, "y": -1.34 }
				]
			},
			"arm1_R": {
				"rotate": [
					{ "angle": -7.05 },
					{ "time": 0.2667, "angle": -0.49 },
					{ "time": 0.4667, "angle": -7.05 }
				],
				"translate": [
					{ "x": -9.96, "y": -1.27, "curve": "stepped" },
					{ "time": 0.4667, "x": -9.96, "y": -1.27 }
				]
			},
			"arm3_R": {
				"rotate": [
					{ "angle": -6.88, "curve": "stepped" },
					{ "time": 0.4667, "angle": -6.88 }
				],
				"translate": [
					{ "x": -0.36, "y": 1.49, "curve": "stepped" },
					{ "time": 0.4667, "x": -0.36, "y": 1.49 }
				]
			},
			"arm2_R": {
				"rotate": [
					{ "angle": -20.73, "curve": "stepped" },
					{ "time": 0.4667, "angle": -20.73 }
				],
				"translate": [
					{ "x": 1.37, "y": 0.73, "curve": "stepped" },
					{ "time": 0.4667, "x": 1.37, "y": 0.73 }
				]
			},
			"foot_L": {
				"rotate": [
					{ "curve": "stepped" },
					{ "time": 0.0667, "curve": "stepped" },
					{ "time": 0.1667, "curve": "stepped" },
					{ "time": 0.2667, "curve": "stepped" },
					{ "time": 0.3333, "curve": "stepped" },
					{ "time": 0.4, "curve": "stepped" },
					{ "time": 0.4667 }
				],
				"translate": [
					{ "x": -2, "y": -1.33 },
					{ "time": 0.0667, "x": -6.65, "y": 7.5 },
					{ "time": 0.1667, "x": -44.39, "y": 9.99 },
					{ "time": 0.2667, "x": -39.97, "y": -1.33 },
					{ "time": 0.3333, "x": -22.3, "y": -1.33 },
					{ "time": 0.4, "x": -12.15, "y": -1.33 },
					{ "time": 0.4667, "x": -2, "y": -1.33 }
				]
			},
			"foot_R": {
				"rotate": [
					{ "curve": "stepped" },
					{ "time": 0.0667, "curve": "stepped" },
					{ "time": 0.1667, "curve": "stepped" },
					{ "time": 0.2667, "curve": "stepped" },
					{ "time": 0.3333, "curve": "stepped" },
					{ "time": 0.4, "curve": "stepped" },
					{ "time": 0.4667 }
				],
				"translate": [
					{ "x": 0.61, "y": 4.45 },
					{ "time": 0.0667, "x": 17.66, "y": 0.42 },
					{ "time": 0.1667, "x": 31.45, "y": 0.89 },
					{ "time": 0.2667, "x": 60.05, "y": 9.32 },
					{ "time": 0.3333, "x": 23.91, "y": 12.45 },
					{ "time": 0.4, "x": 16.37, "y": 8.22 },
					{ "time": 0.4667, "x": 0.61, "y": 4.45 }
				]
			},
			"leg2_L": {
				"rotate": [
					{ "curve": "stepped" },
					{ "time": 0.0667, "curve": "stepped" },
					{ "time": 0.1667, "curve": "stepped" },
					{ "time": 0.2667, "curve": "stepped" },
					{ "time": 0.3333, "curve": "stepped" },
					{ "time": 0.4, "curve": "stepped" },
					{ "time": 0.4667 }
				],
				"translate": [
					{ "curve": "stepped" },
					{ "time": 0.0667, "curve": "stepped" },
					{ "time": 0.1667, "curve": "stepped" },
					{ "time": 0.2667, "curve": "stepped" },
					{ "time": 0.3333, "curve": "stepped" },
					{ "time": 0.4, "curve": "stepped" },
					{ "time": 0.4667 }
				]
			},
			"leg2_R": {
				"rotate": [
					{ "curve": "stepped" },
					{ "time": 0.0667, "curve": "stepped" },
					{ "time": 0.1667, "curve": "stepped" },
					{ "time": 0.2667, "curve": "stepped" },
					{ "time": 0.3333, "curve": "stepped" },
					{ "time": 0.4, "curve": "stepped" },
					{ "time": 0.4667 }
				],
				"translate": [
					{ "curve": "stepped" },
					{ "time": 0.0667, "curve": "stepped" },
					{ "time": 0.1667, "curve": "stepped" },
					{ "time": 0.2667, "curve": "stepped" },
					{ "time": 0.3333, "curve": "stepped" },
					{ "time": 0.4, "curve": "stepped" },
					{ "time": 0.4667 }
				]
			},
			"leg3_L": {
				"rotate": [
					{ "angle": 33.99 },
					{ "time": 0.0667, "angle": 55.48 },
					{ "time": 0.1667, "angle": -20.53 },
					{ "time": 0.2667, "angle": 1.92 },
					{ "time": 0.3333, "angle": 10.14 },
					{ "time": 0.4, "angle": 5.47 },
					{ "time": 0.4667, "angle": 33.99 }
				],
				"translate": [
					{ "x": -2.86, "y": -2.38 },
					{ "time": 0.0667, "x": -1.11, "y": -1.43 },
					{ "time": 0.1667, "x": -3.78, "y": -0.76 },
					{ "time": 0.2667, "x": -3.04 },
					{ "time": 0.3333, "x": -3.06, "y": -1.58 },
					{ "time": 0.4, "x": -3.27, "y": -1.7 },
					{ "time": 0.4667, "x": -2.86, "y": -2.38 }
				]
			},
			"leg3_R": {
				"rotate": [
					{ "angle": 1.34 },
					{ "time": 0.0667, "angle": -0.3 },
					{ "time": 0.1667, "angle": 26.74 },
					{ "time": 0.2667, "angle": 65.45 },
					{ "time": 0.3333, "angle": 70.28 },
					{ "time": 0.4, "angle": 9.77 },
					{ "time": 0.4667, "angle": 1.34 }
				],
				"translate": [
					{},
					{ "time": 0.0667, "x": -1.39, "y": 1.11 },
					{ "time": 0.1667, "x": -0.16, "y": -0.1 },
					{ "time": 0.2667, "x": -1.38, "y": -4.16 },
					{ "time": 0.3333, "x": 4.31, "y": -1.72 },
					{ "time": 0.4, "x": -2.04, "y": -1.6 },
					{ "time": 0.4667 }
				]
			}
		},
		"drawOrder": [
			{
				"offsets": [
					{ "slot": "leg1_L", "offset": 9 },
					{ "slot": "leg2_L", "offset": 9 },
					{ "slot": "leg3_L", "offset": 9 }
				]
			},
			{
				"time": 0.4667,
				"offsets": [
					{ "slot": "leg1_L", "offset": 9 },
					{ "slot": "leg2_L", "offset": 9 },
					{ "slot": "leg3_L", "offset": 9 }
				]
			}
		]
	}
}
}