{"skeleton":{"hash":"pvkVfrh1RRcm7jeDjHH4At7gwqA","spine":"3.8.99","x":-211.27,"y":-73.36,"width":385.71,"height":285.08},"bones":[{"name":"root"},{"name":"arm1_pistol","parent":"root","length":162.4,"rotation":146.19,"x":128.42,"y":-32.41},{"name":"gun","parent":"arm1_pistol","length":99.02,"rotation":-6.19,"x":181.33,"y":-39.97},{"name":"arm2_rifle","parent":"root","length":131.39,"rotation":59.09,"x":-144.4,"y":2.27},{"name":"palm_rifle","parent":"arm2_rifle","length":44.76,"rotation":0.03,"x":131.39},{"name":"bigfinger_rifle","parent":"palm_rifle","length":32.31,"rotation":31.52,"x":7.74,"y":10.91},{"name":"arm2_pistol","parent":"root","length":78.4,"rotation":61.21,"x":-36.96,"y":-34.74}],"slots":[{"name":"arm2_pistol","bone":"arm2_pistol","attachment":"arm2_pistol"},{"name":"arm1_pistol","bone":"arm1_pistol","attachment":"arm1_pistol"},{"name":"palm_rifle","bone":"palm_rifle","attachment":"palm_rifle"},{"name":"arm2_rifle","bone":"arm2_rifle","attachment":"arm2_rifle"},{"name":"gun","bone":"gun","attachment":"gun"},{"name":"bigfinger_riffle","bone":"bigfinger_rifle","attachment":"bigfinger_rifle"},{"name":"morefinger_pistol","bone":"arm1_pistol","attachment":"morefingers_pistol"},{"name":"forefinger_pistol","bone":"arm1_pistol","attachment":"forefinger_pistol"},{"name":"bigfinger_pistol","bone":"arm1_pistol","attachment":"bigfinger_pistol"},{"name":"bigfinger_pistol2","bone":"arm1_pistol","attachment":"bigfinger_pistol2"}],"skins":[{"name":"default","attachments":{"arm1_pistol":{"arm1_pistol":{"x":89.54,"y":-9.13,"rotation":-86.14,"width":75,"height":223}},"arm2_pistol":{"arm2_pistol":{"x":41.51,"y":5.08,"rotation":-91.43,"width":76,"height":125}},"arm2_rifle":{"arm2_rifle":{"x":31.64,"y":0.88,"rotation":-92.43,"width":61,"height":207}},"bigfinger_pistol":{"bigfinger_pistol":{"x":152.71,"y":-18.11,"rotation":-144.97,"width":62,"height":42}},"bigfinger_pistol2":{"bigfinger_pistol2":{"x":152.71,"y":-18.11,"rotation":-144.97,"width":62,"height":42}},"bigfinger_riffle":{"bigfinger_rifle":{"x":16.95,"y":-0.82,"rotation":-93.71,"width":24,"height":50}},"forefinger_pistol":{"forefinger_pistol":{"x":201.07,"y":-14.31,"rotation":27.27,"width":14,"height":18}},"morefinger_pistol":{"morefingers_pistol":{"x":163.71,"y":6.4,"rotation":-143.41,"width":40,"height":66}},"palm_rifle":{"palm_rifle":{"x":27.42,"y":0.91,"rotation":-57.08,"width":60,"height":72}}}},{"name":"gun1","attachments":{"gun":{"gun":{"name":"gun1","x":-5.62,"y":27.64,"rotation":-140,"width":81,"height":136}}}},{"name":"gun2","attachments":{"gun":{"gun":{"name":"gun2","x":-7.1,"y":30.47,"rotation":-139.91,"width":78,"height":148}}}},{"name":"gun3","attachments":{"gun":{"gun":{"name":"gun3","x":0.05,"y":30.59,"rotation":-140,"width":86,"height":160}}}},{"name":"gun4","attachments":{"gun":{"gun":{"name":"gun4","x":-0.38,"y":25.7,"rotation":-140,"width":101,"height":167}}}},{"name":"gun5","attachments":{"gun":{"gun":{"name":"gun5","x":14.31,"y":24.91,"rotation":-140,"width":112,"height":184}}}},{"name":"gun6","attachments":{"gun":{"gun":{"name":"gun6","x":-0.9,"y":18.36,"rotation":-137.57,"width":139,"height":183}}}},{"name":"gun7","attachments":{"gun":{"gun":{"name":"gun7","x":-27.31,"y":-8.99,"rotation":-140,"width":243,"height":178}}}},{"name":"gun8","attachments":{"gun":{"gun":{"name":"gun8","x":28.77,"y":24.48,"rotation":-141.36,"width":162,"height":180}}}},{"name":"gun9","attachments":{"gun":{"gun":{"name":"gun9","x":-48.89,"y":-30.72,"rotation":-139.7,"width":302,"height":194}}}},{"name":"gun10","attachments":{"gun":{"gun":{"name":"gun10","x":-27.42,"y":-18.19,"rotation":-138.57,"width":269,"height":210}}}},{"name":"gun11","attachments":{"gun":{"gun":{"name":"gun11","x":11.74,"y":12.44,"rotation":-142.2,"width":214,"height":218}}}},{"name":"gun12","attachments":{"gun":{"gun":{"name":"gun12","x":-13.68,"y":-13.72,"rotation":-140,"width":298,"height":210}}}},{"name":"gun13","attachments":{"gun":{"gun":{"name":"gun13","x":-1.35,"y":-10.28,"rotation":-140,"width":236,"height":206}}}},{"name":"gun14","attachments":{"gun":{"gun":{"name":"gun14","x":-6.41,"y":-6.39,"rotation":-140,"width":237,"height":195}}}},{"name":"gun15","attachments":{"gun":{"gun":{"name":"gun15","x":-5.26,"y":6.8,"rotation":-139.8,"width":217,"height":188}}}},{"name":"gun16","attachments":{"gun":{"gun":{"name":"gun16","x":-56.53,"y":-38.89,"rotation":-139.28,"width":356,"height":190}}}},{"name":"gun17","attachments":{"gun":{"gun":{"name":"gun17","x":-80.21,"y":-59.46,"rotation":-139.94,"width":351,"height":199}}}},{"name":"gun18","attachments":{"gun":{"gun":{"name":"gun18","x":17.9,"y":21.26,"rotation":-142.21,"width":145,"height":186}}}},{"name":"gun19","attachments":{"gun":{"gun":{"name":"gun19","x":26.25,"y":26.36,"rotation":-143.01,"width":159,"height":177}}}},{"name":"gun20","attachments":{"gun":{"gun":{"name":"gun20","x":-1.38,"y":33.91,"rotation":-140,"width":80,"height":164}}}},{"name":"gun21","attachments":{"gun":{"gun":{"name":"gun21","x":12.01,"y":23.88,"rotation":-140,"width":113,"height":172}}}},{"name":"gun22","attachments":{"gun":{"gun":{"name":"gun22","x":-14.34,"y":-12.58,"rotation":-140,"width":292,"height":200}}}},{"name":"gun23","attachments":{"gun":{"gun":{"name":"gun23","x":-2.41,"y":16.88,"rotation":-140,"width":238,"height":224}}}},{"name":"gun24","attachments":{"gun":{"gun":{"name":"gun24","x":-52.58,"y":-35.62,"rotation":-139.75,"width":290,"height":189}}}},{"name":"gun25","attachments":{"gun":{"gun":{"name":"gun25","x":-19.72,"y":-9.4,"rotation":-141.08,"width":282,"height":206}}}},{"name":"gun26","attachments":{"gun":{"gun":{"name":"gun26","x":36.38,"y":29.97,"rotation":-142.44,"width":166,"height":206}}}},{"name":"gun27","attachments":{"gun":{"gun":{"name":"gun27","x":-52.97,"y":-43.64,"rotation":-140,"width":364,"height":199}}}},{"name":"gun28","attachments":{"gun":{"gun":{"name":"gun28","x":-58.7,"y":-39.85,"rotation":-140,"width":318,"height":171}}}},{"name":"gun29","attachments":{"gun":{"gun":{"name":"gun29","x":-28.38,"y":-18.49,"rotation":-140,"width":312,"height":190}}}},{"name":"gun30","attachments":{"gun":{"gun":{"name":"gun30","x":-1.29,"y":7.38,"rotation":-139.99,"width":268,"height":238}}}},{"name":"gun31","attachments":{"gun":{"gun":{"name":"gun31","x":-35.79,"y":-44.16,"rotation":-140,"width":322,"height":199}}}},{"name":"gun32","attachments":{"gun":{"gun":{"name":"gun32","x":-12.42,"y":17.41,"rotation":-140,"width":150,"height":184}}}},{"name":"gun33","attachments":{"gun":{"gun":{"name":"gun33","x":6.82,"y":23.6,"rotation":-140,"width":113,"height":187}}}},{"name":"gun34","attachments":{"gun":{"gun":{"name":"gun34","x":-44.09,"y":-32.02,"rotation":-140,"width":290,"height":193}}}},{"name":"gun35","attachments":{"gun":{"gun":{"name":"gun35","x":-27.78,"y":-0.33,"rotation":-140,"width":229,"height":184}}}},{"name":"gun36","attachments":{"gun":{"gun":{"name":"gun36","x":-24.41,"y":-21.08,"rotation":-140.01,"width":271,"height":203}}}},{"name":"gun37","attachments":{"gun":{"gun":{"name":"gun37","x":-13.07,"y":-6.58,"rotation":-140,"width":248,"height":194}}}},{"name":"gun38","attachments":{"gun":{"gun":{"name":"gun38","x":-20.52,"y":-7.17,"rotation":-139.57,"width":298,"height":206}}}},{"name":"gun39","attachments":{"gun":{"gun":{"name":"gun39","x":-44.36,"y":-33.52,"rotation":-140,"width":351,"height":211}}}},{"name":"gun40","attachments":{"gun":{"gun":{"name":"gun40","x":-20.21,"y":-31.55,"rotation":-140,"width":327,"height":228}}}},{"name":"gun41","attachments":{"gun":{"gun":{"name":"gun41","x":-26.63,"y":-26.51,"rotation":-140.02,"width":283,"height":210}}}},{"name":"gun42","attachments":{"gun":{"gun":{"name":"gun42","x":-3.19,"y":4.79,"rotation":-140,"width":128,"height":148}}}},{"name":"gun43","attachments":{"gun":{"gun":{"name":"gun43","x":15.77,"y":-0.56,"rotation":-140,"width":124,"height":178}}}},{"name":"gun44","attachments":{"gun":{"gun":{"name":"gun44","x":32.79,"y":11.6,"rotation":-143.17,"width":151,"height":192}}}},{"name":"gun45","attachments":{"gun":{"gun":{"name":"gun45","x":4.79,"y":4.34,"rotation":-142.04,"width":212,"height":207}}}},{"name":"gun46","attachments":{"gun":{"gun":{"name":"gun46","x":-14.49,"y":-11.82,"rotation":-140,"width":292,"height":207}}}},{"name":"gun47","attachments":{"gun":{"gun":{"name":"gun47","x":-1.55,"y":6.74,"rotation":-140,"width":245,"height":221}}}},{"name":"gun48","attachments":{"gun":{"gun":{"name":"gun48","x":-0.79,"y":-4.45,"rotation":-140,"width":256,"height":228}}}},{"name":"gun49","attachments":{"gun":{"gun":{"name":"gun49","x":-17.15,"y":-28.06,"rotation":-140,"width":348,"height":235}}}},{"name":"gun50","attachments":{"gun":{"gun":{"name":"gun50","x":-30.78,"y":-43.12,"rotation":-140,"width":365,"height":236}}}}],"animations":{"pistol_idle":{"slots":{"arm2_rifle":{"attachment":[{"name":null}]},"bigfinger_riffle":{"attachment":[{"name":null}]},"palm_rifle":{"attachment":[{"name":null}]}}},"pistol_reload":{"slots":{"arm2_rifle":{"attachment":[{"name":null}]},"bigfinger_riffle":{"attachment":[{"name":null}]},"palm_rifle":{"attachment":[{"name":null}]}},"bones":{"arm1_pistol":{"rotate":[{},{"time":0.3333,"angle":13.38},{"time":0.5,"angle":10.07},{"time":0.6667,"angle":14.32},{"time":1.1667,"angle":13.28},{"time":1.3,"angle":10.64},{"time":1.6667}],"translate":[{},{"time":0.3333,"x":-19.25,"y":-87.48},{"time":0.5,"x":-21.56,"y":-89.07},{"time":0.6667,"x":-9.84,"y":-88.84},{"time":1.1667,"x":-19.48,"y":-85.44},{"time":1.3,"x":-22.63,"y":-84.08},{"time":1.6667}]},"arm2_pistol":{"translate":[{},{"time":0.3333,"x":-28.38,"y":-101.73},{"time":1.3,"x":-25.76,"y":-103.91},{"time":1.6667}]}}},"pistol_shoot":{"slots":{"arm2_rifle":{"attachment":[{"name":null}]},"bigfinger_riffle":{"attachment":[{"name":null}]},"palm_rifle":{"attachment":[{"name":null}]}},"bones":{"gun":{"rotate":[{"curve":0.608,"c4":0.2},{"time":0.1,"angle":-4.04,"curve":0.368,"c2":0.02,"c3":0.704,"c4":0.3},{"time":0.1333,"angle":-6.15,"curve":0.624,"c2":0.1,"c4":0.37},{"time":0.2333}],"translate":[{"curve":0.608,"c4":0.2},{"time":0.1,"x":-1.5,"y":-0.46,"curve":0.608,"c4":0.2},{"time":0.2333,"x":1.18,"y":1.97},{"time":0.3333}]},"arm1_pistol":{"rotate":[{"curve":0.764,"c4":0.2},{"time":0.1,"angle":-2.61,"curve":1,"c4":0},{"time":0.1333,"angle":-4.99,"curve":0.764,"c4":0.2},{"time":0.2333,"angle":1.17},{"time":0.3333}],"translate":[{"curve":0.7,"c4":0.2},{"time":0.1,"x":14.11,"y":-9.27,"curve":"stepped"},{"time":0.1333,"x":14.11,"y":-9.27,"curve":0.388,"c2":-0.01,"c3":0.72,"c4":0.27},{"time":0.2333}]},"arm2_pistol":{"rotate":[{},{"time":0.2333,"angle":2.49},{"time":0.3333}],"translate":[{"curve":0.603,"c3":0.996,"c4":0.2},{"time":0.1,"x":21.65,"y":-2.28,"curve":"stepped"},{"time":0.1333,"x":21.65,"y":-2.28,"curve":0.368,"c2":0.01,"c3":0.703,"c4":0.29},{"time":0.2333}]}}},"rifle1_idle":{"slots":{"arm2_pistol":{"attachment":[{"name":null}]},"bigfinger_pistol":{"attachment":[{"name":null}]},"bigfinger_pistol2":{"attachment":[{"name":null}]}}},"rifle1_reload":{"slots":{"arm2_pistol":{"attachment":[{"name":null}]},"bigfinger_pistol":{"attachment":[{"name":null}]},"bigfinger_pistol2":{"attachment":[{"name":null}]}},"bones":{"arm2_rifle":{"rotate":[{},{"time":0.3333,"angle":11.84,"curve":"stepped"},{"time":1.3,"angle":11.84},{"time":1.6667}],"translate":[{},{"time":0.3333,"x":-35.8,"y":-147.13},{"time":0.5,"x":1.31,"y":-208.69,"curve":"stepped"},{"time":1.1333,"x":1.31,"y":-208.69},{"time":1.3,"x":-25.32,"y":-134.04},{"time":1.6667}]},"arm1_pistol":{"rotate":[{},{"time":0.3333,"angle":13.38},{"time":0.5,"angle":10.07},{"time":0.6667,"angle":14.32},{"time":1.1333,"angle":13.38},{"time":1.3,"angle":10.07},{"time":1.6667}],"translate":[{},{"time":0.3333,"x":-19.26,"y":-87.47,"curve":"stepped"},{"time":0.5,"x":-19.26,"y":-87.47},{"time":0.6667,"x":-9.84,"y":-88.84},{"time":1.1333,"x":-19.26,"y":-87.47,"curve":"stepped"},{"time":1.3,"x":-19.26,"y":-87.47},{"time":1.6667}]}}},"rifle1_shoot":{"slots":{"arm2_pistol":{"attachment":[{"name":null}]},"bigfinger_pistol":{"attachment":[{"name":null}]},"bigfinger_pistol2":{"attachment":[{"name":null}]}},"bones":{"gun":{"rotate":[{"time":0.1},{"time":0.1333,"angle":-0.67},{"time":0.2333,"angle":0.74},{"time":0.3333}]},"arm2_rifle":{"rotate":[{"curve":0.545,"c4":0.2},{"time":0.1,"angle":-2.34},{"time":0.1333,"angle":-2.67},{"time":0.2333}],"translate":[{"curve":0.545,"c4":0.2},{"time":0.1,"x":9.64,"y":6.33},{"time":0.1333,"x":16.19,"y":13.41},{"time":0.2333,"x":-0.4,"y":-2.01},{"time":0.3333}]},"palm_rifle":{"rotate":[{},{"time":0.1,"angle":1.92},{"time":0.1333,"angle":1.64,"curve":0.554,"c4":0.2},{"time":0.2333,"angle":2.17},{"time":0.3333}],"translate":[{"curve":0.63,"c4":0.2},{"time":0.1,"x":1.78,"y":0.28},{"time":0.1333,"x":2.33,"y":0.73,"curve":0.634,"c4":0.2},{"time":0.2333,"x":-0.97,"y":0.83},{"time":0.3333}]},"arm1_pistol":{"rotate":[{"curve":0.764,"c4":0.2},{"time":0.1,"angle":-2.97,"curve":1,"c4":0},{"time":0.1333,"angle":-4.57},{"time":0.2333,"angle":0.49},{"time":0.3333}],"translate":[{"curve":0.7,"c4":0.2},{"time":0.1,"x":12.09,"y":-10.33,"curve":0.346,"c2":-0.06,"c3":0.679,"c4":0.26},{"time":0.1333,"x":12.98,"y":-8.96,"curve":0.376,"c2":0.11,"c3":0.708,"c4":0.43},{"time":0.2333}]}}},"rifle2_idle":{"slots":{"arm2_pistol":{"attachment":[{"name":null}]},"bigfinger_pistol":{"attachment":[{"name":null}]}}},"rifle2_reload":{"slots":{"arm2_pistol":{"attachment":[{"name":null}]},"bigfinger_pistol":{"attachment":[{"name":null}]}},"bones":{"arm2_rifle":{"rotate":[{},{"time":0.3333,"angle":11.84,"curve":"stepped"},{"time":1.3,"angle":11.84},{"time":1.6667}],"translate":[{},{"time":0.3333,"x":-35.8,"y":-147.13},{"time":0.5,"x":1.31,"y":-208.69,"curve":"stepped"},{"time":1.1333,"x":1.31,"y":-208.69},{"time":1.3,"x":-25.32,"y":-134.04},{"time":1.6667}]},"arm1_pistol":{"rotate":[{},{"time":0.3333,"angle":13.38},{"time":0.5,"angle":10.07},{"time":0.6667,"angle":14.32},{"time":1.1333,"angle":13.38},{"time":1.3,"angle":10.07},{"time":1.6667}],"translate":[{},{"time":0.3333,"x":-19.26,"y":-87.47,"curve":"stepped"},{"time":0.5,"x":-19.26,"y":-87.47},{"time":0.6667,"x":-9.84,"y":-88.84},{"time":1.1333,"x":-19.26,"y":-87.47,"curve":"stepped"},{"time":1.3,"x":-19.26,"y":-87.47},{"time":1.6667}]}}},"rifle2_shoot":{"slots":{"arm2_pistol":{"attachment":[{"name":null}]},"bigfinger_pistol":{"attachment":[{"name":null}]}},"bones":{"gun":{"rotate":[{"time":0.1},{"time":0.1333,"angle":-0.67},{"time":0.2333,"angle":0.74},{"time":0.3333}]},"arm2_rifle":{"rotate":[{"curve":0.545,"c4":0.2},{"time":0.1,"angle":-2.87},{"time":0.1333,"angle":-4.61},{"time":0.2333}],"translate":[{"curve":0.545,"c4":0.2},{"time":0.1,"x":28.88,"y":4.7},{"time":0.1333,"x":30.23,"y":14.68},{"time":0.2333,"x":-0.4,"y":-2.01},{"time":0.3333}]},"palm_rifle":{"rotate":[{"time":0.1333,"curve":0.554,"c4":0.2},{"time":0.2333,"angle":2.17},{"time":0.3333}],"translate":[{"curve":0.63,"c4":0.2},{"time":0.1,"x":1.78,"y":0.28},{"time":0.1333,"x":2.33,"y":0.73,"curve":0.634,"c4":0.2},{"time":0.2333,"x":-0.97,"y":0.83},{"time":0.3333}]},"arm1_pistol":{"rotate":[{"curve":0.764,"c4":0.2},{"time":0.1,"angle":-3.82,"curve":1,"c4":0},{"time":0.1333,"angle":-5.52},{"time":0.2333,"angle":0.49},{"time":0.3333}],"translate":[{"curve":0.7,"c4":0.2},{"time":0.1,"x":25.87,"y":-11.67,"curve":0.388,"c2":-0.01,"c3":0.72,"c4":0.27},{"time":0.2333}]}}},"rifle3_idle":{"slots":{"arm2_pistol":{"attachment":[{"name":null}]},"bigfinger_pistol2":{"attachment":[{"name":null}]}}},"rifle3_reload":{"slots":{"arm2_pistol":{"attachment":[{"name":null}]},"bigfinger_pistol2":{"attachment":[{"name":null}]}},"bones":{"arm2_rifle":{"rotate":[{},{"time":0.3333,"angle":11.84,"curve":"stepped"},{"time":1.3,"angle":11.84},{"time":1.6667}],"translate":[{},{"time":0.3333,"x":-35.8,"y":-147.13},{"time":0.5,"x":1.31,"y":-208.69,"curve":"stepped"},{"time":1.1333,"x":1.31,"y":-208.69},{"time":1.3,"x":-25.32,"y":-134.04},{"time":1.6667}]},"arm1_pistol":{"rotate":[{},{"time":0.3333,"angle":13.38},{"time":0.5,"angle":10.07},{"time":0.6667,"angle":14.32},{"time":1.1333,"angle":13.38},{"time":1.3,"angle":10.07},{"time":1.6667}],"translate":[{},{"time":0.3333,"x":-19.26,"y":-87.47,"curve":"stepped"},{"time":0.5,"x":-19.26,"y":-87.47},{"time":0.6667,"x":-9.84,"y":-88.84},{"time":1.1333,"x":-19.26,"y":-87.47,"curve":"stepped"},{"time":1.3,"x":-19.26,"y":-87.47},{"time":1.6667}]}}},"rifle3_shoot":{"slots":{"arm2_pistol":{"attachment":[{"name":null}]},"bigfinger_pistol2":{"attachment":[{"name":null}]}},"bones":{"gun":{"rotate":[{"time":0.1},{"time":0.1333,"angle":-0.67},{"time":0.2333,"angle":0.74},{"time":0.3333}]},"arm2_rifle":{"rotate":[{"curve":0.545,"c4":0.2},{"time":0.1,"angle":-4.14},{"time":0.1333,"angle":-4.61},{"time":0.2333}],"translate":[{"curve":0.545,"c4":0.2},{"time":0.1,"x":9.56,"y":0.95},{"time":0.1333,"x":11.62,"y":5.23},{"time":0.2333,"x":-0.4,"y":-2.01},{"time":0.3333}]},"palm_rifle":{"rotate":[{"time":0.1333,"curve":0.554,"c4":0.2},{"time":0.2333,"angle":2.17},{"time":0.3333}],"translate":[{"curve":0.63,"c4":0.2},{"time":0.1,"x":1.78,"y":0.28},{"time":0.1333,"x":2.33,"y":0.73,"curve":0.634,"c4":0.2},{"time":0.2333,"x":-0.97,"y":0.83},{"time":0.3333}]},"arm1_pistol":{"rotate":[{"curve":0.764,"c4":0.2},{"time":0.1,"angle":-1.43,"curve":1,"c4":0},{"time":0.1333,"angle":-2.45},{"time":0.2333,"angle":0.49},{"time":0.3333}],"translate":[{"curve":0.7,"c4":0.2},{"time":0.1,"x":16.09,"y":-8.97,"curve":0.388,"c2":-0.01,"c3":0.72,"c4":0.27},{"time":0.2333}]}}},"rifle4_idle":{"slots":{"arm2_pistol":{"attachment":[{"name":null}]},"bigfinger_pistol":{"attachment":[{"name":null}]},"bigfinger_pistol2":{"attachment":[{"name":null}]}},"bones":{"arm2_rifle":{"rotate":[{"angle":-9.05}],"translate":[{"x":-9.15,"y":-14.1}]},"palm_rifle":{"rotate":[{"angle":-2.17}],"translate":[{"x":-4.92,"y":1.73}]},"bigfinger_rifle":{"rotate":[{"angle":-7.65}],"translate":[{"x":0.12,"y":-0.32}]}}},"rifle4_reload":{"slots":{"arm2_pistol":{"attachment":[{"name":null}]},"bigfinger_pistol":{"attachment":[{"name":null}]},"bigfinger_pistol2":{"attachment":[{"name":null}]}},"bones":{"arm2_rifle":{"rotate":[{"angle":-9.05},{"time":0.3333,"angle":1.88},{"time":0.5,"angle":11.84,"curve":"stepped"},{"time":1.1333,"angle":11.84},{"time":1.3,"angle":1.88},{"time":1.6667,"angle":-9.05}],"translate":[{"x":-9.15,"y":-14.09},{"time":0.3333,"x":-30.98,"y":-174.33},{"time":0.5,"x":1.31,"y":-208.69,"curve":"stepped"},{"time":1.1333,"x":1.31,"y":-208.69},{"time":1.3,"x":-30.98,"y":-174.33},{"time":1.6667,"x":-9.15,"y":-14.09}]},"palm_rifle":{"rotate":[{"angle":-2.17}],"translate":[{"x":-4.92,"y":1.73}]},"bigfinger_rifle":{"rotate":[{"angle":-7.65}],"translate":[{"x":0.12,"y":-0.32}]},"arm1_pistol":{"rotate":[{},{"time":0.3333,"angle":13.38},{"time":0.5,"angle":10.07},{"time":0.6667,"angle":14.32},{"time":1.1333,"angle":13.38,"curve":"stepped"},{"time":1.3,"angle":13.38},{"time":1.6667}],"translate":[{},{"time":0.3333,"x":-19.26,"y":-87.47,"curve":"stepped"},{"time":0.5,"x":-19.26,"y":-87.47},{"time":0.6667,"x":-9.84,"y":-88.84},{"time":1.1333,"x":-19.26,"y":-87.47,"curve":"stepped"},{"time":1.3,"x":-19.26,"y":-87.47},{"time":1.6667}]}}},"rifle4_shoot":{"slots":{"arm2_pistol":{"attachment":[{"name":null}]},"bigfinger_pistol":{"attachment":[{"name":null}]},"bigfinger_pistol2":{"attachment":[{"name":null}]}},"bones":{"gun":{"rotate":[{"time":0.1},{"time":0.1333,"angle":-0.67},{"time":0.2333,"angle":0.74},{"time":0.3333}]},"arm2_rifle":{"rotate":[{"angle":-9.05,"curve":0.358,"c3":0.699,"c4":0.28},{"time":0.1,"angle":-13.28,"curve":0.35,"c2":0.27,"c3":0.684,"c4":0.61},{"time":0.1333,"angle":-13.92,"curve":0.603,"c2":0.15,"c4":0.45},{"time":0.2333,"angle":-9.05}],"translate":[{"x":-9.15,"y":-14.09,"curve":0.358,"c3":0.699,"c4":0.28},{"time":0.1,"x":0.79,"y":-15.18,"curve":0.35,"c2":0.27,"c3":0.684,"c4":0.61},{"time":0.1333,"x":-0.38,"y":-9.17,"curve":0.603,"c2":0.15,"c4":0.45},{"time":0.2333,"x":-9.15,"y":-16.43,"curve":0.358,"c3":0.699,"c4":0.28},{"time":0.3333,"x":-9.15,"y":-14.09}]},"palm_rifle":{"rotate":[{"angle":-2.17},{"time":0.1,"angle":-0.63},{"time":0.1333,"angle":-0.48},{"time":0.2333,"angle":0.92},{"time":0.3333,"angle":-2.17}],"translate":[{"x":-4.92,"y":1.73,"curve":0.383,"c2":0.02,"c3":0.718,"c4":0.29},{"time":0.1,"x":-4.26,"y":0.53,"curve":0.356,"c2":0.28,"c3":0.69,"c4":0.61},{"time":0.1333,"x":-4.92,"y":1.73}]},"bigfinger_rifle":{"rotate":[{"angle":-7.65}],"translate":[{"x":0.12,"y":-0.32}]},"arm1_pistol":{"rotate":[{"curve":0.764,"c4":0.2},{"time":0.1,"angle":-4.12,"curve":1,"c4":0},{"time":0.1333,"angle":-4.8},{"time":0.2333,"angle":0.49},{"time":0.3333}],"translate":[{"curve":0.7,"c4":0.2},{"time":0.1,"x":9.68,"y":-17.6,"curve":0.388,"c2":-0.01,"c3":0.72,"c4":0.27},{"time":0.2333}]}}}}}